1776588946219,6770,Not Shared DB,0,OK,Thread Group 1-13,text,true,,13,0,272,272,null,0,0,0
1776588946189,9659,Not Shared DB,0,OK,Thread Group 1-7,text,true,,13,0,311,311,null,0,0,0
1776588946165,9731,Not Shared DB,0,OK,Thread Group 1-1,text,true,,13,0,311,311,null,0,0,0
1776588946204,10734,Not Shared DB,0,OK,Thread Group 1-10,text,true,,13,0,324,324,null,0,0,0
1776588946183,12368,Not Shared DB,0,OK,Thread Group 1-6,text,true,,13,0,345,345,null,0,0,0
1776588946208,12506,Not Shared DB,0,OK,Thread Group 1-11,text,true,,13,0,347,347,null,0,0,0
1776588946229,13520,Not Shared DB,0,OK,Thread Group 1-15,text,true,,13,0,363,363,null,0,0,0
1776588946238,13747,Not Shared DB,0,OK,Thread Group 1-17,text,true,,13,0,366,366,null,0,0,0
1776588946243,16251,Not Shared DB,0,OK,Thread Group 1-18,text,true,,13,0,414,414,null,0,0,0
1776588946233,16840,Not Shared DB,0,OK,Thread Group 1-16,text,true,,13,0,428,428,null,0,0,0
1776588946172,16992,Not Shared DB,0,OK,Thread Group 1-4,text,true,,13,0,430,430,null,0,0,0
1776588946193,17001,Not Shared DB,0,OK,Thread Group 1-8,text,true,,13,0,430,430,null,0,0,0
1776588946215,18849,Not Shared DB,0,OK,Thread Group 1-12,text,true,,13,0,476,476,null,0,0,0
1776588946179,18965,Not Shared DB,0,OK,Thread Group 1-5,text,true,,13,0,476,476,null,0,0,0
1776588946254,19303,Not Shared DB,0,OK,Thread Group 1-20,text,true,,13,0,490,490,null,0,0,0
1776588946222,20396,Not Shared DB,0,OK,Thread Group 1-14,text,true,,13,0,544,544,null,0,0,0
1776588946258,21810,Not Shared DB,0,OK,Thread Group 1-21,text,true,,13,0,597,597,null,0,0,0
1776588946263,23448,Not Shared DB,0,OK,Thread Group 1-22,text,true,,13,0,626,626,null,0,0,0
1776588946273,29313,Not Shared DB,0,OK,Thread Group 1-24,text,true,,13,0,723,723,null,0,0,0
1776588946165,30476,Not Shared DB,0,OK,Thread Group 1-2,text,true,,13,0,740,740,null,0,0,0
1776588946248,52474,Not Shared DB,0,OK,Thread Group 1-19,text,true,,13,0,813,813,null,0,0,0
1776588946445,55689,Not Shared DB,0,OK,Thread Group 1-58,text,true,,13,0,812,812,null,0,0,0
1776588946199,56692,Not Shared DB,0,OK,Thread Group 1-9,text,true,,13,0,811,811,null,0,0,0
1776588946168,57845,Not Shared DB,0,OK,Thread Group 1-3,text,true,,13,0,810,810,null,0,0,0
1776588946268,80918,Not Shared DB,0,OK,Thread Group 1-23,text,true,,13,0,809,809,null,0,0,0
1776588946415,89174,Not Shared DB,0,OK,Thread Group 1-52,text,true,,13,0,808,808,null,0,0,0
1776588946886,88700,Not Shared DB,0,OK,Thread Group 1-135,text,true,,13,0,808,808,null,0,0,0
1776588946712,88875,Not Shared DB,0,OK,Thread Group 1-111,text,true,,13,0,808,808,null,0,0,0
1776588946288,89303,Not Shared DB,0,OK,Thread Group 1-27,text,true,,13,0,808,808,null,0,0,0
1776588946365,89223,Not Shared DB,0,OK,Thread Group 1-42,text,true,,13,0,808,808,null,0,0,0
1776588946450,89146,Not Shared DB,0,OK,Thread Group 1-59,text,true,,13,0,808,808,null,0,0,0
1776588946325,89290,Not Shared DB,0,OK,Thread Group 1-34,text,true,,13,0,808,808,null,0,0,0
1776588946278,89345,Not Shared DB,0,OK,Thread Group 1-25,text,true,,13,0,808,808,null,0,0,0
1776588946685,88941,Not Shared DB,0,OK,Thread Group 1-106,text,true,,13,0,808,808,null,0,0,0
1776588946510,89135,Not Shared DB,0,OK,Thread Group 1-71,text,true,,13,0,808,808,null,0,0,0
1776588946394,89255,Not Shared DB,0,OK,Thread Group 1-48,text,true,,13,0,806,806,null,0,0,0
1776588946298,89361,Not Shared DB,0,OK,Thread Group 1-29,text,true,,13,0,798,798,null,0,0,0
1776588946349,89311,Not Shared DB,0,OK,Thread Group 1-39,text,true,,13,0,797,797,null,0,0,0
1776588946435,89241,Not Shared DB,0,OK,Thread Group 1-56,text,true,,13,0,796,796,null,0,0,0
1776588946403,89277,Not Shared DB,0,OK,Thread Group 1-50,text,true,,13,0,795,795,null,0,0,0
1776588946534,89145,Not Shared DB,0,OK,Thread Group 1-76,text,true,,13,0,795,795,null,0,0,0
1776588946283,89398,Not Shared DB,0,OK,Thread Group 1-26,text,true,,13,0,795,795,null,0,0,0
1776588946654,89030,Not Shared DB,0,OK,Thread Group 1-100,text,true,,13,0,794,794,null,0,0,0
1776588946555,89135,Not Shared DB,0,OK,Thread Group 1-80,text,true,,13,0,792,792,null,0,0,0
1776588946294,89408,Not Shared DB,0,OK,Thread Group 1-28,text,true,,13,0,791,791,null,0,0,0
1776588946473,89231,Not Shared DB,0,OK,Thread Group 1-64,text,true,,13,0,791,791,null,0,0,0
1776588946429,89275,Not Shared DB,0,OK,Thread Group 1-55,text,true,,13,0,789,789,null,0,0,0
1776588946584,89126,Not Shared DB,0,OK,Thread Group 1-86,text,true,,13,0,788,788,null,0,0,0
1776588946702,89015,Not Shared DB,0,OK,Thread Group 1-109,text,true,,13,0,787,787,null,0,0,0
1776588946308,89410,Not Shared DB,0,OK,Thread Group 1-31,text,true,,13,0,787,787,null,0,0,0
1776588946513,89220,Not Shared DB,0,OK,Thread Group 1-72,text,true,,13,0,785,785,null,0,0,0
1776588946344,89394,Not Shared DB,0,OK,Thread Group 1-38,text,true,,13,0,784,784,null,0,0,0
1776588946478,89260,Not Shared DB,0,OK,Thread Group 1-65,text,true,,13,0,784,784,null,0,0,0
1776588946384,89356,Not Shared DB,0,OK,Thread Group 1-46,text,true,,13,0,782,782,null,0,0,0
1776588946756,88983,Not Shared DB,0,OK,Thread Group 1-119,text,true,,13,0,781,781,null,0,0,0
1776588946599,89146,Not Shared DB,0,OK,Thread Group 1-89,text,true,,13,0,778,778,null,0,0,0
1776588946789,88969,Not Shared DB,0,OK,Thread Group 1-123,text,true,,13,0,778,778,null,0,0,0
1776588946623,89124,Not Shared DB,0,OK,Thread Group 1-94,text,true,,13,0,778,778,null,0,0,0
1776588946574,89184,Not Shared DB,0,OK,Thread Group 1-84,text,true,,13,0,778,778,null,0,0,0
1776588946484,89281,Not Shared DB,0,OK,Thread Group 1-66,text,true,,13,0,778,778,null,0,0,0
1776588946681,89087,Not Shared DB,0,OK,Thread Group 1-105,text,true,,13,0,774,774,null,0,0,0
1776588946389,89381,Not Shared DB,0,OK,Thread Group 1-47,text,true,,13,0,772,772,null,0,0,0
1776588947022,88760,Not Shared DB,0,OK,Thread Group 1-139,text,true,,13,0,771,771,null,0,0,0
1776588946693,89093,Not Shared DB,0,OK,Thread Group 1-107,text,true,,13,0,770,770,null,0,0,0
1776588946353,89439,Not Shared DB,0,OK,Thread Group 1-40,text,true,,13,0,769,769,null,0,0,0
1776588947858,87933,Not Shared DB,0,OK,Thread Group 1-169,text,true,,13,0,769,769,null,0,0,0
1776588946565,89227,Not Shared DB,0,OK,Thread Group 1-82,text,true,,13,0,767,767,null,0,0,0
1776588946724,89072,Not Shared DB,0,OK,Thread Group 1-113,text,true,,13,0,766,766,null,0,0,0
1776588946440,89355,Not Shared DB,0,OK,Thread Group 1-57,text,true,,13,0,766,766,null,0,0,0
1776588946469,89328,Not Shared DB,0,OK,Thread Group 1-63,text,true,,13,0,765,765,null,0,0,0
1776588946368,89433,Not Shared DB,0,OK,Thread Group 1-43,text,true,,13,0,764,764,null,0,0,0
1776588946559,89243,Not Shared DB,0,OK,Thread Group 1-81,text,true,,13,0,764,764,null,0,0,0
1776588946303,89501,Not Shared DB,0,OK,Thread Group 1-30,text,true,,13,0,762,762,null,0,0,0
1776588946379,89423,Not Shared DB,0,OK,Thread Group 1-45,text,true,,13,0,761,761,null,0,0,0
1776588946670,89137,Not Shared DB,0,OK,Thread Group 1-103,text,true,,13,0,760,760,null,0,0,0
1776588946489,89316,Not Shared DB,0,OK,Thread Group 1-67,text,true,,13,0,759,759,null,0,0,0
1776588946320,89487,Not Shared DB,0,OK,Thread Group 1-33,text,true,,13,0,759,759,null,0,0,0
1776588946660,89148,Not Shared DB,0,OK,Thread Group 1-101,text,true,,13,0,759,759,null,0,0,0
1776588946543,89265,Not Shared DB,0,OK,Thread Group 1-78,text,true,,13,0,758,758,null,0,0,0
1776588946798,89011,Not Shared DB,0,OK,Thread Group 1-124,text,true,,13,0,758,758,null,0,0,0
1776588946648,89166,Not Shared DB,0,OK,Thread Group 1-99,text,true,,13,0,753,753,null,0,0,0
1776588946328,89491,Not Shared DB,0,OK,Thread Group 1-35,text,true,,13,0,752,752,null,0,0,0
1776588946359,89460,Not Shared DB,0,OK,Thread Group 1-41,text,true,,13,0,752,752,null,0,0,0
1776588948211,87610,Not Shared DB,0,OK,Thread Group 1-179,text,true,,13,0,751,751,null,0,0,0
1776588946539,89283,Not Shared DB,0,OK,Thread Group 1-77,text,true,,13,0,751,751,null,0,0,0
1776588948481,87341,Not Shared DB,0,OK,Thread Group 1-186,text,true,,13,0,751,751,null,0,0,0
1776588946677,89148,Not Shared DB,0,OK,Thread Group 1-104,text,true,,13,0,750,750,null,0,0,0
1776588946314,89509,Not Shared DB,0,OK,Thread Group 1-32,text,true,,13,0,746,746,null,0,0,0
1776588946373,89456,Not Shared DB,0,OK,Thread Group 1-44,text,true,,13,0,745,745,null,0,0,0
1776588946425,89405,Not Shared DB,0,OK,Thread Group 1-54,text,true,,13,0,745,745,null,0,0,0
1776588946664,89170,Not Shared DB,0,OK,Thread Group 1-102,text,true,,13,0,743,743,null,0,0,0
1776588946751,89085,Not Shared DB,0,OK,Thread Group 1-118,text,true,,13,0,742,742,null,0,0,0
1776588946464,89373,Not Shared DB,0,OK,Thread Group 1-62,text,true,,13,0,742,742,null,0,0,0
1776588946458,89378,Not Shared DB,0,OK,Thread Group 1-61,text,true,,13,0,741,741,null,0,0,0
1776588946720,91094,Not Shared DB,0,OK,Thread Group 1-112,text,true,,13,0,739,739,null,0,0,0
1776588946860,97712,Not Shared DB,0,OK,Thread Group 1-134,text,true,,13,0,905,905,null,0,0,0
1776588946840,98320,Not Shared DB,0,OK,Thread Group 1-131,text,true,,13,0,904,904,null,0,0,0
1776588978378,66972,Not Shared DB,0,OK,Thread Group 1-789,text,true,,13,0,903,903,null,0,0,0
1776588976895,68455,Not Shared DB,0,OK,Thread Group 1-764,text,true,,13,0,903,903,null,0,0,0
1776588974525,71227,Not Shared DB,0,OK,Thread Group 1-728,text,true,,13,0,901,901,null,0,0,0
1776588965536,80221,Not Shared DB,0,OK,Thread Group 1-505,text,true,,13,0,900,900,null,0,0,0
1776588975340,70435,Not Shared DB,0,OK,Thread Group 1-740,text,true,,13,0,899,899,null,0,0,0
1776588980127,65996,Not Shared DB,0,OK,Thread Group 1-822,text,true,,13,0,898,898,null,0,0,0
1776588979537,66601,Not Shared DB,0,OK,Thread Group 1-810,text,true,,13,0,897,897,null,0,0,0
1776588950415,95930,Not Shared DB,0,OK,Thread Group 1-218,text,true,,13,0,896,896,null,0,0,0
1776588974308,72042,Not Shared DB,0,OK,Thread Group 1-723,text,true,,13,0,896,896,null,0,0,0
1776588977414,68976,Not Shared DB,0,OK,Thread Group 1-775,text,true,,13,0,894,894,null,0,0,0
1776588980713,65681,Not Shared DB,0,OK,Thread Group 1-833,text,true,,13,0,893,893,null,0,0,0
1776588980696,65770,Not Shared DB,0,OK,Thread Group 1-832,text,true,,13,0,892,892,null,0,0,0
1776588946495,100013,Not Shared DB,0,OK,Thread Group 1-68,text,true,,13,0,891,891,null,0,0,0
1776588946779,99967,Not Shared DB,0,OK,Thread Group 1-122,text,true,,13,0,890,890,null,0,0,0
1776588946826,99957,Not Shared DB,0,OK,Thread Group 1-129,text,true,,13,0,889,889,null,0,0,0
1776588946500,100292,Not Shared DB,0,OK,Thread Group 1-69,text,true,,13,0,888,888,null,0,0,0
1776588947326,99680,Not Shared DB,0,OK,Thread Group 1-151,text,true,,13,0,887,887,null,0,0,0
1776588946596,100412,Not Shared DB,0,OK,Thread Group 1-88,text,true,,13,0,887,887,null,0,0,0
1776588980365,66810,Not Shared DB,0,OK,Thread Group 1-828,text,true,,13,0,885,885,null,0,0,0
1776588946816,100436,Not Shared DB,0,OK,Thread Group 1-127,text,true,,13,0,884,884,null,0,0,0
1776588947593,99694,Not Shared DB,0,OK,Thread Group 1-160,text,true,,13,0,883,883,null,0,0,0
1776588979190,68313,Not Shared DB,0,OK,Thread Group 1-805,text,true,,13,0,882,882,null,0,0,0
1776588952832,94861,Not Shared DB,0,OK,Thread Group 1-269,text,true,,13,0,881,881,null,0,0,0
1776588971307,76440,Not Shared DB,0,OK,Thread Group 1-674,text,true,,13,0,880,880,null,0,0,0
1776588975233,73038,Not Shared DB,0,OK,Thread Group 1-738,text,true,,13,0,879,879,null,0,0,0
1776588966752,81660,Not Shared DB,0,OK,Thread Group 1-566,text,true,,13,0,878,878,null,0,0,0
1776588952968,95451,Not Shared DB,1,Unexpected return code.  Expected [0]. Actual [1].,Thread Group 1-272,text,false,,234,0,877,877,null,0,0,0
1776588948349,100069,Not Shared DB,1,Unexpected return code.  Expected [0]. Actual [1].,Thread Group 1-183,text,false,,234,0,877,877,null,0,0,0
1776588946628,101966,Not Shared DB,0,OK,Thread Group 1-95,text,true,,13,0,875,875,null,0,0,0
1776588946335,113863,Not Shared DB,0,OK,Thread Group 1-36,text,true,,13,0,874,874,null,0,0,0
1776588947372,112748,Not Shared DB,1,Unexpected return code.  Expected [0]. Actual [1].,Thread Group 1-152,text,false,,234,0,874,874,null,0,0,0
1776588949642,111273,Not Shared DB,1,Unexpected return code.  Expected [0]. Actual [1].,Thread Group 1-207,text,false,,234,0,872,872,null,0,0,0
1776588946523,114406,Not Shared DB,0,OK,Thread Group 1-74,text,true,,13,0,872,872,null,0,0,0
1776588963463,97492,Not Shared DB,0,OK,Thread Group 1-448,text,true,,13,0,872,872,null,0,0,0
1776588946729,114850,Not Shared DB,1,Unexpected return code.  Expected [0]. Actual [1].,Thread Group 1-114,text,false,,234,0,869,869,null,0,0,0
1776588947203,114586,Not Shared DB,1,Unexpected return code.  Expected [0]. Actual [1].,Thread Group 1-147,text,false,,234,0,868,868,null,0,0,0
1776588961535,105089,Not Shared DB,0,OK,Thread Group 1-399,text,true,,13,0,867,867,null,0,0,0
1776588954054,112738,Not Shared DB,0,OK,Thread Group 1-291,text,true,,13,0,866,866,null,0,0,0
1776588978556,88248,Not Shared DB,0,OK,Thread Group 1-791,text,true,,13,0,865,865,null,0,0,0
1776588947624,119185,Not Shared DB,0,OK,Thread Group 1-161,text,true,,13,0,864,864,null,0,0,0
1776588946609,121175,Not Shared DB,1,Unexpected return code.  Expected [0]. Actual [1].,Thread Group 1-91,text,false,,234,0,863,863,null,0,0,0
1776588978669,89722,Not Shared DB,0,OK,Thread Group 1-793,text,true,,13,0,862,862,null,0,0,0
1776588947246,122179,Not Shared DB,0,OK,Thread Group 1-149,text,true,,13,0,861,861,null,0,0,0
1776588978862,91245,Not Shared DB,0,OK,Thread Group 1-797,text,true,,13,0,860,860,null,0,0,0
1776588973848,96270,Not Shared DB,0,OK,Thread Group 1-715,text,true,,13,0,860,860,null,0,0,0
1776588979094,92967,Not Shared DB,0,OK,Thread Group 1-803,text,true,,13,0,858,858,null,0,0,0
1776588974738,97345,Not Shared DB,0,OK,Thread Group 1-730,text,true,,13,0,857,857,null,0,0,0
1776588946617,125474,Not Shared DB,1,Unexpected return code.  Expected [0]. Actual [1].,Thread Group 1-93,text,false,,234,0,856,856,null,0,0,0
1776588946764,125387,Not Shared DB,1,Unexpected return code.  Expected [0]. Actual [1].,Thread Group 1-120,text,false,,234,0,855,855,null,0,0,0
1776588973893,98452,Not Shared DB,0,OK,Thread Group 1-716,text,true,,13,0,854,854,null,0,0,0
1776588975165,97212,Not Shared DB,0,OK,Thread Group 1-737,text,true,,13,0,853,853,null,0,0,0
1776588975445,96963,Not Shared DB,0,OK,Thread Group 1-741,text,true,,13,0,852,852,null,0,0,0
1776588949934,122480,Not Shared DB,1,Unexpected return code.  Expected [0]. Actual [1].,Thread Group 1-212,text,false,,234,0,851,851,null,0,0,0
1776588975551,96887,Not Shared DB,0,OK,Thread Group 1-742,text,true,,13,0,850,850,null,0,0,0
1776588971185,101253,Not Shared DB,0,OK,Thread Group 1-673,text,true,,13,0,850,850,null,0,0,0
1776588977332,95128,Not Shared DB,0,OK,Thread Group 1-773,text,true,,13,0,848,848,null,0,0,0
1776588977918,94543,Not Shared DB,0,OK,Thread Group 1-783,text,true,,13,0,848,848,null,0,0,0
1776588968116,104390,Not Shared DB,0,OK,Thread Group 1-616,text,true,,13,0,846,846,null,0,0,0
1776588978767,93752,Not Shared DB,0,OK,Thread Group 1-794,text,true,,13,0,845,845,null,0,0,0
1776588963879,108681,Not Shared DB,0,OK,Thread Group 1-457,text,true,,13,0,844,844,null,0,0,0
1776588968154,104433,Not Shared DB,0,OK,Thread Group 1-618,text,true,,13,0,843,843,null,0,0,0
1776588969952,102672,Not Shared DB,0,OK,Thread Group 1-651,text,true,,13,0,842,842,null,0,0,0
1776588974022,98623,Not Shared DB,0,OK,Thread Group 1-719,text,true,,13,0,841,841,null,0,0,0
1776588977175,95635,Not Shared DB,0,OK,Thread Group 1-769,text,true,,13,0,840,840,null,0,0,0
1776588948496,124371,Not Shared DB,1,Unexpected return code.  Expected [0]. Actual [1].,Thread Group 1-187,text,false,,234,0,839,839,null,0,0,0
1776588969900,103034,Not Shared DB,0,OK,Thread Group 1-649,text,true,,13,0,838,838,null,0,0,0
1776588947447,125524,Not Shared DB,0,OK,Thread Group 1-153,text,true,,13,0,837,837,null,0,0,0
1776588977559,95449,Not Shared DB,0,OK,Thread Group 1-777,text,true,,13,0,836,836,null,0,0,0
1776588970760,102868,Not Shared DB,0,OK,Thread Group 1-666,text,true,,13,0,835,835,null,0,0,0
1776588973995,99636,Not Shared DB,0,OK,Thread Group 1-718,text,true,,13,0,835,835,null,0,0,0
1776588977760,95987,Not Shared DB,0,OK,Thread Group 1-781,text,true,,13,0,833,833,null,0,0,0
1776588963043,110748,Not Shared DB,0,OK,Thread Group 1-437,text,true,,13,0,832,832,null,0,0,0
1776588973392,101427,Not Shared DB,0,OK,Thread Group 1-709,text,true,,13,0,831,831,null,0,0,0
1776588976360,98459,Not Shared DB,0,OK,Thread Group 1-754,text,true,,13,0,831,831,null,0,0,0
1776588975693,99752,Not Shared DB,0,OK,Thread Group 1-744,text,true,,13,0,829,829,null,0,0,0
1776588946419,129036,Not Shared DB,1,Unexpected return code.  Expected [0]. Actual [1].,Thread Group 1-53,text,false,,234,0,828,828,null,0,0,0
1776588977188,98275,Not Shared DB,0,OK,Thread Group 1-771,text,true,,13,0,828,828,null,0,0,0
1776588951052,124413,Not Shared DB,1,Unexpected return code.  Expected [0]. Actual [1].,Thread Group 1-232,text,false,,234,0,826,826,null,0,0,0
1776588946604,128876,Not Shared DB,1,Unexpected return code.  Expected [0]. Actual [1].,Thread Group 1-90,text,false,,234,0,825,825,null,0,0,0
1776588947070,128449,Not Shared DB,0,OK,Thread Group 1-142,text,true,,13,0,824,824,null,0,0,0
1776588970118,105409,Not Shared DB,0,OK,Thread Group 1-654,text,true,,13,0,823,823,null,0,0,0
1776588947692,127857,Not Shared DB,0,OK,Thread Group 1-164,text,true,,13,0,822,822,null,0,0,0
1776588978970,96590,Not Shared DB,0,OK,Thread Group 1-800,text,true,,13,0,821,821,null,0,0,0
1776588980032,95541,Not Shared DB,0,OK,Thread Group 1-821,text,true,,13,0,820,820,null,0,0,0
1776588966495,109112,Not Shared DB,0,OK,Thread Group 1-553,text,true,,13,0,819,819,null,0,0,0
1776588970953,104690,Not Shared DB,0,OK,Thread Group 1-669,text,true,,13,0,818,818,null,0,0,0
1776588967424,108421,Not Shared DB,0,OK,Thread Group 1-601,text,true,,13,0,817,817,null,0,0,0
1776588966618,109262,Not Shared DB,0,OK,Thread Group 1-558,text,true,,13,0,816,816,null,0,0,0
1776588972556,103470,Not Shared DB,0,OK,Thread Group 1-695,text,true,,13,0,815,815,null,0,0,0
1776588960743,115403,Not Shared DB,0,OK,Thread Group 1-385,text,true,,13,0,814,814,null,0,0,0
1776588967142,109024,Not Shared DB,0,OK,Thread Group 1-590,text,true,,13,0,813,813,null,0,0,0
1776588963090,113120,Not Shared DB,0,OK,Thread Group 1-438,text,true,,13,0,812,812,null,0,0,0
1776588978837,97386,Not Shared DB,0,OK,Thread Group 1-796,text,true,,13,0,811,811,null,0,0,0
1776588966242,110020,Not Shared DB,0,OK,Thread Group 1-535,text,true,,13,0,810,810,null,0,0,0
1776588972951,103333,Not Shared DB,0,OK,Thread Group 1-701,text,true,,13,0,809,809,null,0,0,0
1776588966618,109672,Not Shared DB,0,OK,Thread Group 1-561,text,true,,13,0,808,808,null,0,0,0
1776588966943,109364,Not Shared DB,0,OK,Thread Group 1-580,text,true,,13,0,807,807,null,0,0,0
1776588966322,109986,Not Shared DB,0,OK,Thread Group 1-544,text,true,,13,0,807,807,null,0,0,0
1776588976807,99521,Not Shared DB,0,OK,Thread Group 1-763,text,true,,13,0,805,805,null,0,0,0
1776588970727,106535,Not Shared DB,0,OK,Thread Group 1-665,text,true,,13,0,804,804,null,0,0,0
1776588976534,100870,Not Shared DB,0,OK,Thread Group 1-757,text,true,,13,0,803,803,null,0,0,0
1776588978790,98623,Not Shared DB,0,OK,Thread Group 1-795,text,true,,13,0,802,802,null,0,0,0
1776588978603,99323,Not Shared DB,0,OK,Thread Group 1-792,text,true,,13,0,801,801,null,0,0,0
1776588963386,114573,Not Shared DB,0,OK,Thread Group 1-446,text,true,,13,0,800,800,null,0,0,0
1776588973238,104727,Not Shared DB,0,OK,Thread Group 1-706,text,true,,13,0,799,799,null,0,0,0
1776588976569,101514,Not Shared DB,0,OK,Thread Group 1-759,text,true,,13,0,798,798,null,0,0,0
1776588980575,97588,Not Shared DB,0,OK,Thread Group 1-831,text,true,,13,0,797,797,null,0,0,0
1776588957330,120859,Not Shared DB,0,OK,Thread Group 1-332,text,true,,13,0,796,796,null,0,0,0
1776588974356,103852,Not Shared DB,0,OK,Thread Group 1-724,text,true,,13,0,795,795,null,0,0,0
1776588970200,108041,Not Shared DB,0,OK,Thread Group 1-655,text,true,,13,0,794,794,null,0,0,0
1776588949693,128558,Not Shared DB,1,Unexpected return code.  Expected [0]. Actual [1].,Thread Group 1-208,text,false,,234,0,793,793,null,0,0,0
1776588967298,110965,Not Shared DB,0,OK,Thread Group 1-596,text,true,,13,0,792,792,null,0,0,0
1776588979125,99147,Not Shared DB,0,OK,Thread Group 1-804,text,true,,13,0,791,791,null,0,0,0
1776588965846,112487,Not Shared DB,0,OK,Thread Group 1-517,text,true,,13,0,790,790,null,0,0,0
1776588972655,105683,Not Shared DB,0,OK,Thread Group 1-697,text,true,,13,0,789,789,null,0,0,0
1776588973796,104544,Not Shared DB,0,OK,Thread Group 1-714,text,true,,13,0,789,789,null,0,0,0
1776588970548,107809,Not Shared DB,0,OK,Thread Group 1-661,text,true,,13,0,787,787,null,0,0,0
1776588974828,103564,Not Shared DB,0,OK,Thread Group 1-731,text,true,,13,0,786,786,null,0,0,0
1776588971499,106900,Not Shared DB,0,OK,Thread Group 1-679,text,true,,13,0,785,785,null,0,0,0
1776588967022,111399,Not Shared DB,0,OK,Thread Group 1-582,text,true,,13,0,784,784,null,0,0,0
1776588966735,111697,Not Shared DB,0,OK,Thread Group 1-565,text,true,,13,0,784,784,null,0,0,0
1776588969792,108643,Not Shared DB,0,OK,Thread Group 1-646,text,true,,13,0,784,784,null,0,0,0
1776588972480,105974,Not Shared DB,0,OK,Thread Group 1-694,text,true,,13,0,781,781,null,0,0,0
1776588968597,109873,Not Shared DB,0,OK,Thread Group 1-629,text,true,,13,0,780,780,null,0,0,0
1776588971708,106762,Not Shared DB,0,OK,Thread Group 1-683,text,true,,13,0,780,780,null,0,0,0
1776588969401,109149,Not Shared DB,0,OK,Thread Group 1-637,text,true,,13,0,778,778,null,0,0,0
1776588949408,129255,Not Shared DB,1,Unexpected return code.  Expected [0]. Actual [1].,Thread Group 1-201,text,false,,234,0,777,777,null,0,0,0
1776588969531,109155,Not Shared DB,0,OK,Thread Group 1-641,text,true,,13,0,776,776,null,0,0,0
1776588970623,108072,Not Shared DB,0,OK,Thread Group 1-663,text,true,,13,0,775,775,null,0,0,0
1776588971399,107299,Not Shared DB,0,OK,Thread Group 1-676,text,true,,13,0,774,774,null,0,0,0
1776588966249,112465,Not Shared DB,0,OK,Thread Group 1-539,text,true,,13,0,773,773,null,0,0,0
1776588964416,114313,Not Shared DB,0,OK,Thread Group 1-473,text,true,,13,0,772,772,null,0,0,0
1776588972102,106635,Not Shared DB,0,OK,Thread Group 1-689,text,true,,13,0,771,771,null,0,0,0
1776588972748,106346,Not Shared DB,0,OK,Thread Group 1-699,text,true,,13,0,770,770,null,0,0,0
1776588975307,103787,Not Shared DB,0,OK,Thread Group 1-739,text,true,,13,0,770,770,null,0,0,0
1776588979895,99200,Not Shared DB,0,OK,Thread Group 1-819,text,true,,13,0,770,769,null,0,0,0
1776588975054,104041,Not Shared DB,0,OK,Thread Group 1-735,text,true,,13,0,770,770,null,0,0,0
1776588963028,116106,Not Shared DB,0,OK,Thread Group 1-436,text,true,,13,0,766,766,null,0,0,0
1776588979240,100178,Not Shared DB,0,OK,Thread Group 1-808,text,true,,13,0,765,765,null,0,0,0
1776588966153,113338,Not Shared DB,0,OK,Thread Group 1-533,text,true,,13,0,764,764,null,0,0,0
1776588958024,121477,Not Shared DB,0,OK,Thread Group 1-341,text,true,,13,0,763,763,null,0,0,0
1776588980289,99222,Not Shared DB,0,OK,Thread Group 1-826,text,true,,13,0,762,762,null,0,0,0
1776588965243,114273,Not Shared DB,0,OK,Thread Group 1-494,text,true,,13,0,761,761,null,0,0,0
1776588946644,132875,Not Shared DB,1,Unexpected return code.  Expected [0]. Actual [1].,Thread Group 1-98,text,false,,234,0,760,760,null,0,0,0
1776588956795,122726,Not Shared DB,0,OK,Thread Group 1-326,text,true,,13,0,760,760,null,0,0,0
1776588961411,118121,Not Shared DB,0,OK,Thread Group 1-397,text,true,,13,0,758,758,null,0,0,0
1776588976539,102993,Not Shared DB,0,OK,Thread Group 1-758,text,true,,13,0,758,758,null,0,0,0
1776588961349,118182,Not Shared DB,0,OK,Thread Group 1-395,text,true,,13,0,758,758,null,0,0,0
1776588952814,126722,Not Shared DB,0,OK,Thread Group 1-268,text,true,,13,0,755,755,null,0,0,0
1776588967765,111776,Not Shared DB,0,OK,Thread Group 1-610,text,true,,13,0,754,754,null,0,0,0
1776588977186,102360,Not Shared DB,0,OK,Thread Group 1-768,text,true,,13,0,753,753,null,0,0,0
1776588951903,127643,Not Shared DB,0,OK,Thread Group 1-249,text,true,,13,0,753,753,null,0,0,0
1776588968149,111399,Not Shared DB,0,OK,Thread Group 1-617,text,true,,13,0,751,751,null,0,0,0
1776588978170,101381,Not Shared DB,0,OK,Thread Group 1-785,text,true,,13,0,750,750,null,0,0,0
1776588964762,114789,Not Shared DB,0,OK,Thread Group 1-482,text,true,,13,0,750,750,null,0,0,0
1776588970348,109204,Not Shared DB,0,OK,Thread Group 1-657,text,true,,13,0,748,748,null,0,0,0
1776588973055,106498,Not Shared DB,0,OK,Thread Group 1-704,text,true,,13,0,748,748,null,0,0,0
1776588971869,107684,Not Shared DB,0,OK,Thread Group 1-685,text,true,,13,0,748,748,null,0,0,0
1776588966866,112688,Not Shared DB,0,OK,Thread Group 1-574,text,true,,13,0,748,748,null,0,0,0
1776588970445,109110,Not Shared DB,0,OK,Thread Group 1-660,text,true,,13,0,746,746,null,0,0,0
1776588972168,107393,Not Shared DB,0,OK,Thread Group 1-690,text,true,,13,0,743,743,null,0,0,0
1776588966773,112788,Not Shared DB,0,OK,Thread Group 1-570,text,true,,13,0,743,743,null,0,0,0
1776588976296,103265,Not Shared DB,0,OK,Thread Group 1-752,text,true,,13,0,743,743,null,0,0,0
1776588970017,109548,Not Shared DB,0,OK,Thread Group 1-652,text,true,,13,0,740,740,null,0,0,0
1776588963278,116296,Not Shared DB,0,OK,Thread Group 1-444,text,true,,13,0,739,739,null,0,0,0
1776588961613,117961,Not Shared DB,0,OK,Thread Group 1-401,text,true,,13,0,739,739,null,0,0,0
1776588966340,113238,Not Shared DB,0,OK,Thread Group 1-545,text,true,,13,0,737,737,null,0,0,0
1776588962968,116624,Not Shared DB,0,OK,Thread Group 1-434,text,true,,13,0,736,736,null,0,0,0
1776588968309,111294,Not Shared DB,0,OK,Thread Group 1-622,text,true,,13,0,735,735,null,0,0,0
1776588968770,110871,Not Shared DB,0,OK,Thread Group 1-633,text,true,,13,0,734,734,null,0,0,0
1776588974464,105193,Not Shared DB,0,OK,Thread Group 1-727,text,true,,13,0,733,733,null,0,0,0
1776588969737,110200,Not Shared DB,0,OK,Thread Group 1-645,text,true,,13,0,732,732,null,0,0,0
1776588980444,99524,Not Shared DB,0,OK,Thread Group 1-829,text,true,,13,0,731,731,null,0,0,0
1776588978269,101702,Not Shared DB,0,OK,Thread Group 1-788,text,true,,13,0,730,730,null,0,0,0
1776588976461,103629,Not Shared DB,0,OK,Thread Group 1-756,text,true,,13,0,729,729,null,0,0,0
1776588972332,108557,Not Shared DB,0,OK,Thread Group 1-692,text,true,,13,0,728,728,null,0,0,0
1776588973963,106943,Not Shared DB,0,OK,Thread Group 1-717,text,true,,13,0,727,727,null,0,0,0
1776588955895,125023,Not Shared DB,0,OK,Thread Group 1-313,text,true,,13,0,726,726,null,0,0,0
1776588948005,132916,Not Shared DB,0,OK,Thread Group 1-173,text,true,,13,0,726,726,null,0,0,0
1776588966349,114585,Not Shared DB,0,OK,Thread Group 1-542,text,true,,13,0,726,726,null,0,0,0
1776588967455,113486,Not Shared DB,0,OK,Thread Group 1-602,text,true,,13,0,723,723,null,0,0,0
1776588975765,105186,Not Shared DB,0,OK,Thread Group 1-745,text,true,,13,0,722,722,null,0,0,0
1776588951168,129785,Not Shared DB,0,OK,Thread Group 1-236,text,true,,13,0,721,721,null,0,0,0
1776588969454,111582,Not Shared DB,0,OK,Thread Group 1-639,text,true,,13,0,720,720,null,0,0,0
1776588980334,100718,Not Shared DB,0,OK,Thread Group 1-827,text,true,,13,0,719,719,null,0,0,0
1776588968334,112886,Not Shared DB,0,OK,Thread Group 1-623,text,true,,13,0,718,718,null,0,0,0
1776588977682,103546,Not Shared DB,0,OK,Thread Group 1-780,text,true,,13,0,717,717,null,0,0,0
1776588973342,107887,Not Shared DB,0,OK,Thread Group 1-707,text,true,,13,0,717,717,null,0,0,0
1776588947976,133251,Not Shared DB,1,Unexpected return code.  Expected [0]. Actual [1].,Thread Group 1-172,text,false,,234,0,717,717,null,0,0,0
1776588979957,101302,Not Shared DB,0,OK,Thread Group 1-820,text,true,,13,0,714,714,null,0,0,0
1776588972873,108689,Not Shared DB,0,OK,Thread Group 1-700,text,true,,13,0,713,713,null,0,0,0
1776588980214,101366,Not Shared DB,0,OK,Thread Group 1-824,text,true,,13,0,712,712,null,0,0,0
1776588969606,111981,Not Shared DB,0,OK,Thread Group 1-643,text,true,,13,0,711,711,null,0,0,0
1776588973485,108103,Not Shared DB,0,OK,Thread Group 1-710,text,true,,13,0,711,711,null,0,0,0
1776588973014,108574,Not Shared DB,0,OK,Thread Group 1-703,text,true,,13,0,710,710,null,0,0,0
1776588971107,110489,Not Shared DB,0,OK,Thread Group 1-672,text,true,,13,0,708,708,null,0,0,0
1776588968051,113547,Not Shared DB,0,OK,Thread Group 1-614,text,true,,13,0,708,708,null,0,0,0
1776588979754,101845,Not Shared DB,0,OK,Thread Group 1-814,text,true,,13,0,706,706,null,0,0,0
1776588965739,115872,Not Shared DB,0,OK,Thread Group 1-511,text,true,,13,0,705,705,null,0,0,0
1776588954549,127068,Not Shared DB,0,OK,Thread Group 1-295,text,true,,13,0,704,704,null,0,0,0
1776588974912,106710,Not Shared DB,0,OK,Thread Group 1-733,text,true,,13,0,703,703,null,0,0,0
1776588967096,114528,Not Shared DB,0,OK,Thread Group 1-587,text,true,,13,0,702,702,null,0,0,0
1776588966045,115585,Not Shared DB,0,OK,Thread Group 1-526,text,true,,13,0,701,701,null,0,0,0
1776588980723,100909,Not Shared DB,0,OK,Thread Group 1-835,text,true,,13,0,700,700,null,0,0,0
1776588966077,115556,Not Shared DB,0,OK,Thread Group 1-529,text,true,,13,0,700,700,null,0,0,0
1776588968081,113569,Not Shared DB,0,OK,Thread Group 1-615,text,true,,13,0,698,698,null,0,0,0
1776588970861,110792,Not Shared DB,0,OK,Thread Group 1-667,text,true,,13,0,697,697,null,0,0,0
1776588966525,115128,Not Shared DB,0,OK,Thread Group 1-555,text,true,,13,0,697,697,null,0,0,0
1776588967719,113939,Not Shared DB,0,OK,Thread Group 1-609,text,true,,13,0,695,695,null,0,0,0
1776588966983,114677,Not Shared DB,0,OK,Thread Group 1-581,text,true,,13,0,694,694,null,0,0,0
1776588951110,130550,Not Shared DB,0,OK,Thread Group 1-233,text,true,,13,0,694,694,null,0,0,0
1776588976651,105010,Not Shared DB,0,OK,Thread Group 1-761,text,true,,13,0,693,693,null,0,0,0
1776588966680,114984,Not Shared DB,0,OK,Thread Group 1-563,text,true,,13,0,691,691,null,0,0,0
1776588957548,124117,Not Shared DB,0,OK,Thread Group 1-336,text,true,,13,0,691,691,null,0,0,0
1776588979341,102325,Not Shared DB,0,OK,Thread Group 1-807,text,true,,13,0,690,690,null,0,0,0
1776588957728,123938,Not Shared DB,0,OK,Thread Group 1-338,text,true,,13,0,689,689,null,0,0,0
1776588952121,129551,Not Shared DB,0,OK,Thread Group 1-254,text,true,,13,0,687,687,null,0,0,0
1776588947525,134148,Not Shared DB,0,OK,Thread Group 1-157,text,true,,13,0,686,686,null,0,0,0
1776588952183,129494,Not Shared DB,0,OK,Thread Group 1-256,text,true,,13,0,685,685,null,0,0,0
1776588968483,113218,Not Shared DB,0,OK,Thread Group 1-627,text,true,,13,0,684,684,null,0,0,0
1776588966880,114824,Not Shared DB,0,OK,Thread Group 1-576,text,true,,13,0,683,683,null,0,0,0
1776588973346,108358,Not Shared DB,0,OK,Thread Group 1-708,text,true,,13,0,683,683,null,0,0,0
1776588968653,113051,Not Shared DB,0,OK,Thread Group 1-630,text,true,,13,0,683,683,null,0,0,0
1776588967657,114048,Not Shared DB,0,OK,Thread Group 1-607,text,true,,13,0,680,680,null,0,0,0
1776588954713,126993,Not Shared DB,0,OK,Thread Group 1-297,text,true,,13,0,680,680,null,0,0,0
1776588972705,109006,Not Shared DB,0,OK,Thread Group 1-698,text,true,,13,0,678,678,null,0,0,0
1776588979817,101894,Not Shared DB,0,OK,Thread Group 1-816,text,true,,13,0,678,678,null,0,0,0
1776588958715,122997,Not Shared DB,0,OK,Thread Group 1-352,text,true,,13,0,678,678,null,0,0,0
1776588966214,115499,Not Shared DB,0,OK,Thread Group 1-537,text,true,,13,0,675,675,null,0,0,0
1776588968678,113037,Not Shared DB,0,OK,Thread Group 1-631,text,true,,13,0,674,674,null,0,0,0
1776588976187,105528,Not Shared DB,0,OK,Thread Group 1-751,text,true,,13,0,674,674,null,0,0,0
1776588951584,130130,Not Shared DB,0,OK,Thread Group 1-244,text,true,,13,0,674,674,null,0,0,0
1776588956895,124820,Not Shared DB,0,OK,Thread Group 1-327,text,true,,13,0,674,674,null,0,0,0
1776588965243,116472,Not Shared DB,0,OK,Thread Group 1-493,text,true,,13,0,674,674,null,0,0,0
1776588961929,119786,Not Shared DB,0,OK,Thread Group 1-406,text,true,,13,0,674,674,null,0,0,0
1776588966519,115197,Not Shared DB,0,OK,Thread Group 1-551,text,true,,13,0,674,674,null,0,0,0
1776588960601,121115,Not Shared DB,0,OK,Thread Group 1-383,text,true,,13,0,674,674,null,0,0,0
1776588964222,117493,Not Shared DB,0,OK,Thread Group 1-467,text,true,,13,0,674,674,null,0,0,0
1776588979842,101874,Not Shared DB,0,OK,Thread Group 1-817,text,true,,13,0,674,674,null,0,0,0
1776588965152,116564,Not Shared DB,0,OK,Thread Group 1-489,text,true,,13,0,674,674,null,0,0,0
1776588963200,118516,Not Shared DB,0,OK,Thread Group 1-442,text,true,,13,0,674,674,null,0,0,0
1776588972046,109670,Not Shared DB,0,OK,Thread Group 1-688,text,true,,13,0,674,674,null,0,0,0
1776588974459,107259,Not Shared DB,0,OK,Thread Group 1-726,text,true,,13,0,663,663,null,0,0,0
1776588979706,102012,Not Shared DB,0,OK,Thread Group 1-813,text,true,,13,0,667,667,null,0,0,0
1776588978909,102809,Not Shared DB,0,OK,Thread Group 1-798,text,true,,13,0,661,661,null,0,0,0
1776588979567,102153,Not Shared DB,0,OK,Thread Group 1-811,text,true,,13,0,658,658,null,0,0,0
1776588962377,119343,Not Shared DB,0,OK,Thread Group 1-419,text,true,,13,0,658,658,null,0,0,0
1776588962686,119036,Not Shared DB,0,OK,Thread Group 1-426,text,true,,13,0,656,656,null,0,0,0
1776588965211,116515,Not Shared DB,0,OK,Thread Group 1-492,text,true,,13,0,655,655,null,0,0,0
1776588967174,114553,Not Shared DB,0,OK,Thread Group 1-592,text,true,,13,0,655,655,null,0,0,0
1776588969406,112321,Not Shared DB,0,OK,Thread Group 1-638,text,true,,13,0,654,654,null,0,0,0
1776588958760,122968,Not Shared DB,0,OK,Thread Group 1-353,text,true,,13,0,653,653,null,0,0,0
1776588969170,112558,Not Shared DB,0,OK,Thread Group 1-636,text,true,,13,0,652,652,null,0,0,0
1776588962732,118996,Not Shared DB,0,OK,Thread Group 1-429,text,true,,13,0,652,652,null,0,0,0
1776588979061,102667,Not Shared DB,0,OK,Thread Group 1-802,text,true,,13,0,652,652,null,0,0,0
1776588952877,128932,Not Shared DB,0,OK,Thread Group 1-270,text,true,,13,0,648,648,null,0,0,0
1776588968806,113063,Not Shared DB,0,OK,Thread Group 1-634,text,true,,13,0,647,647,null,0,0,0
1776588954974,126901,Not Shared DB,0,OK,Thread Group 1-301,text,true,,13,0,646,646,null,0,0,0
1776588966233,115679,Not Shared DB,0,OK,Thread Group 1-538,text,true,,13,0,645,645,null,0,0,0
1776588966540,115376,Not Shared DB,0,OK,Thread Group 1-556,text,true,,13,0,644,644,null,0,0,0
1776588965567,116359,Not Shared DB,0,OK,Thread Group 1-506,text,true,,13,0,643,643,null,0,0,0
1776588970496,111432,Not Shared DB,0,OK,Thread Group 1-662,text,true,,13,0,643,643,null,0,0,0
1776588977630,104323,Not Shared DB,0,OK,Thread Group 1-779,text,true,,13,0,643,643,null,0,0,0
1776588975620,106340,Not Shared DB,0,OK,Thread Group 1-743,text,true,,13,0,640,640,null,0,0,0
1776588964037,117925,Not Shared DB,0,OK,Thread Group 1-461,text,true,,13,0,639,639,null,0,0,0
1776588975905,106073,Not Shared DB,0,OK,Thread Group 1-747,text,true,,13,0,638,638,null,0,0,0
1776588979445,102619,Not Shared DB,0,OK,Thread Group 1-806,text,true,,13,0,637,637,null,0,0,0
1776588979614,102538,Not Shared DB,0,OK,Thread Group 1-812,text,true,,13,0,636,636,null,0,0,0
1776588971651,110557,Not Shared DB,0,OK,Thread Group 1-682,text,true,,13,0,635,635,null,0,0,0
1776588970992,111230,Not Shared DB,0,OK,Thread Group 1-671,text,true,,13,0,634,634,null,0,0,0
1776588966355,115888,Not Shared DB,0,OK,Thread Group 1-546,text,true,,13,0,633,633,null,0,0,0
1776588956453,125809,Not Shared DB,0,OK,Thread Group 1-320,text,true,,13,0,632,632,null,0,0,0
1776588962704,119561,Not Shared DB,0,OK,Thread Group 1-428,text,true,,13,0,632,632,null,0,0,0
1776588955677,126591,Not Shared DB,0,OK,Thread Group 1-310,text,true,,13,0,630,630,null,0,0,0
1776588961773,120499,Not Shared DB,0,OK,Thread Group 1-403,text,true,,13,0,629,629,null,0,0,0
1776588976602,105700,Not Shared DB,0,OK,Thread Group 1-760,text,true,,13,0,628,628,null,0,0,0
1776588946458,135851,Not Shared DB,1,Unexpected return code.  Expected [0]. Actual [1].,Thread Group 1-60,text,false,,234,0,627,627,null,0,0,0
1776588966602,115721,Not Shared DB,0,OK,Thread Group 1-560,text,true,,13,0,626,626,null,0,0,0
1776588957239,125096,Not Shared DB,0,OK,Thread Group 1-330,text,true,,13,0,625,625,null,0,0,0
1776588966742,115595,Not Shared DB,0,OK,Thread Group 1-568,text,true,,13,0,624,624,null,0,0,0
1776588968407,113965,Not Shared DB,0,OK,Thread Group 1-624,text,true,,13,0,623,623,null,0,0,0
1776588958937,123439,Not Shared DB,0,OK,Thread Group 1-355,text,true,,13,0,622,622,null,0,0,0
1776588977962,104451,Not Shared DB,0,OK,Thread Group 1-784,text,true,,13,0,621,621,null,0,0,0
1776588967157,115256,Not Shared DB,0,OK,Thread Group 1-591,text,true,,13,0,621,621,null,0,0,0
1776588949504,132917,Not Shared DB,0,OK,Thread Group 1-203,text,true,,13,0,621,621,null,0,0,0
1776588965322,117102,Not Shared DB,0,OK,Thread Group 1-496,text,true,,13,0,621,621,null,0,0,0
1776588977044,105383,Not Shared DB,0,OK,Thread Group 1-766,text,true,,13,0,621,621,null,0,0,0
1776588976094,106334,Not Shared DB,0,OK,Thread Group 1-750,text,true,,13,0,621,621,null,0,0,0
1776588968882,113551,Not Shared DB,0,OK,Thread Group 1-635,text,true,,13,0,621,621,null,0,0,0
1776588955490,126952,Not Shared DB,0,OK,Thread Group 1-307,text,true,,13,0,621,621,null,0,0,0
1776588977241,105208,Not Shared DB,0,OK,Thread Group 1-772,text,true,,13,0,613,613,null,0,0,0
1776588973160,109507,Not Shared DB,0,OK,Thread Group 1-705,text,true,,13,0,612,612,null,0,0,0
1776588969490,113178,Not Shared DB,0,OK,Thread Group 1-640,text,true,,13,0,611,611,null,0,0,0
1776588978460,104561,Not Shared DB,0,OK,Thread Group 1-790,text,true,,13,0,610,610,null,0,0,0
1776588979039,103982,Not Shared DB,0,OK,Thread Group 1-801,text,true,,13,0,610,610,null,0,0,0
1776588975091,108049,Not Shared DB,0,OK,Thread Group 1-736,text,true,,13,0,608,608,null,0,0,0
1776588975042,108098,Not Shared DB,0,OK,Thread Group 1-734,text,true,,13,0,608,608,null,0,0,0
1776588968216,114925,Not Shared DB,0,OK,Thread Group 1-620,text,true,,13,0,608,608,null,0,0,0
1776588976964,106179,Not Shared DB,0,OK,Thread Group 1-765,text,true,,13,0,605,605,null,0,0,0
1776588972415,110728,Not Shared DB,0,OK,Thread Group 1-693,text,true,,13,0,605,605,null,0,0,0
1776588967005,116139,Not Shared DB,0,OK,Thread Group 1-583,text,true,,13,0,605,605,null,0,0,0
1776588966227,116920,Not Shared DB,0,OK,Thread Group 1-534,text,true,,13,0,602,602,null,0,0,0
1776588976399,106749,Not Shared DB,0,OK,Thread Group 1-755,text,true,,13,0,602,602,null,0,0,0
1776588956570,126580,Not Shared DB,0,OK,Thread Group 1-322,text,true,,13,0,600,600,null,0,0,0
1776588954481,128670,Not Shared DB,0,OK,Thread Group 1-294,text,true,,13,0,599,599,null,0,0,0
1776588963603,119549,Not Shared DB,0,OK,Thread Group 1-451,text,true,,13,0,598,598,null,0,0,0
1776588966630,116522,Not Shared DB,0,OK,Thread Group 1-559,text,true,,13,0,598,598,null,0,0,0
1776588980258,102895,Not Shared DB,0,OK,Thread Group 1-825,text,true,,13,0,598,598,null,0,0,0
1776588960360,122795,Not Shared DB,0,OK,Thread Group 1-379,text,true,,13,0,595,595,null,0,0,0
1776588961583,121573,Not Shared DB,0,OK,Thread Group 1-400,text,true,,13,0,595,595,null,0,0,0
1776588949279,133876,Not Shared DB,0,OK,Thread Group 1-199,text,true,,13,0,595,595,null,0,0,0
1776588964361,118799,Not Shared DB,0,OK,Thread Group 1-471,text,true,,13,0,592,592,null,0,0,0
1776588966853,116308,Not Shared DB,0,OK,Thread Group 1-573,text,true,,13,0,591,591,null,0,0,0
1776588957323,125841,Not Shared DB,0,OK,Thread Group 1-331,text,true,,13,0,590,590,null,0,0,0
1776588952572,130592,Not Shared DB,0,OK,Thread Group 1-264,text,true,,13,0,590,590,null,0,0,0
1776588968243,114924,Not Shared DB,0,OK,Thread Group 1-621,text,true,,13,0,588,588,null,0,0,0
1776588971466,111703,Not Shared DB,0,OK,Thread Group 1-678,text,true,,13,0,587,587,null,0,0,0
1776588959769,123401,Not Shared DB,0,OK,Thread Group 1-367,text,true,,13,0,587,587,null,0,0,0
1776588971434,111736,Not Shared DB,0,OK,Thread Group 1-677,text,true,,13,0,587,587,null,0,0,0
1776588962981,120192,Not Shared DB,0,OK,Thread Group 1-435,text,true,,13,0,584,584,null,0,0,0
1776588979492,103681,Not Shared DB,0,OK,Thread Group 1-809,text,true,,13,0,584,584,null,0,0,0
1776588958492,124681,Not Shared DB,0,OK,Thread Group 1-348,text,true,,13,0,583,583,null,0,0,0
1776588958681,124493,Not Shared DB,0,OK,Thread Group 1-351,text,true,,13,0,582,582,null,0,0,0
1776588953631,129545,Not Shared DB,0,OK,Thread Group 1-284,text,true,,13,0,580,580,null,0,0,0
1776588962672,120505,Not Shared DB,0,OK,Thread Group 1-427,text,true,,13,0,580,580,null,0,0,0
1776588959600,123577,Not Shared DB,0,OK,Thread Group 1-363,text,true,,13,0,580,580,null,0,0,0
1776588970389,112789,Not Shared DB,0,OK,Thread Group 1-658,text,true,,13,0,578,578,null,0,0,0
1776588961380,121800,Not Shared DB,0,OK,Thread Group 1-396,text,true,,13,0,576,576,null,0,0,0
1776588969828,113353,Not Shared DB,0,OK,Thread Group 1-647,text,true,,13,0,576,576,null,0,0,0
1776588966495,116686,Not Shared DB,0,OK,Thread Group 1-552,text,true,,13,0,574,574,null,0,0,0
1776588966557,116625,Not Shared DB,0,OK,Thread Group 1-557,text,true,,13,0,574,574,null,0,0,0
1776588972287,110897,Not Shared DB,0,OK,Thread Group 1-691,text,true,,13,0,572,572,null,0,0,0
1776588965798,117387,Not Shared DB,0,OK,Thread Group 1-514,text,true,,13,0,571,571,null,0,0,0
1776588948807,134380,Not Shared DB,0,OK,Thread Group 1-192,text,true,,13,0,570,570,null,0,0,0
1776588974408,108781,Not Shared DB,0,OK,Thread Group 1-725,text,true,,13,0,570,570,null,0,0,0
1776588969861,113329,Not Shared DB,0,OK,Thread Group 1-648,text,true,,13,0,569,569,null,0,0,0
1776588962286,120904,Not Shared DB,0,OK,Thread Group 1-416,text,true,,13,0,568,568,null,0,0,0
1776588978217,104973,Not Shared DB,0,OK,Thread Group 1-787,text,true,,13,0,568,568,null,0,0,0
1776588948658,134531,Not Shared DB,0,OK,Thread Group 1-189,text,true,,13,0,568,568,null,0,0,0
1776588977595,105596,Not Shared DB,0,OK,Thread Group 1-778,text,true,,13,0,564,564,null,0,0,0
1776588970689,112502,Not Shared DB,0,OK,Thread Group 1-664,text,true,,13,0,564,564,null,0,0,0
1776588967924,115271,Not Shared DB,0,OK,Thread Group 1-612,text,true,,13,0,562,562,null,0,0,0
1776588963729,119467,Not Shared DB,0,OK,Thread Group 1-455,text,true,,13,0,561,561,null,0,0,0
1776588976354,106842,Not Shared DB,0,OK,Thread Group 1-753,text,true,,13,0,561,561,null,0,0,0
1776588954802,128395,Not Shared DB,0,OK,Thread Group 1-298,text,true,,13,0,561,561,null,0,0,0
1776588974640,108557,Not Shared DB,0,OK,Thread Group 1-729,text,true,,13,0,561,561,null,0,0,0
1776588976044,107154,Not Shared DB,0,OK,Thread Group 1-749,text,true,,13,0,557,557,null,0,0,0
1776588950319,132879,Not Shared DB,0,OK,Thread Group 1-216,text,true,,13,0,556,556,null,0,0,0
1776588969580,113620,Not Shared DB,0,OK,Thread Group 1-642,text,true,,13,0,555,555,null,0,0,0
1776588966895,116307,Not Shared DB,0,OK,Thread Group 1-577,text,true,,13,0,554,554,null,0,0,0
1776588974256,108946,Not Shared DB,0,OK,Thread Group 1-722,text,true,,13,0,554,554,null,0,0,0
1776588961163,122040,Not Shared DB,0,OK,Thread Group 1-392,text,true,,13,0,552,552,null,0,0,0
1776588980151,103052,Not Shared DB,0,OK,Thread Group 1-823,text,true,,13,0,552,552,null,0,0,0
1776588969661,113543,Not Shared DB,0,OK,Thread Group 1-644,text,true,,13,0,552,552,null,0,0,0
1776588966927,116277,Not Shared DB,0,OK,Thread Group 1-579,text,true,,13,0,550,550,null,0,0,0
1776588964083,119121,Not Shared DB,0,OK,Thread Group 1-463,text,true,,13,0,550,550,null,0,0,0
1776588975821,107384,Not Shared DB,0,OK,Thread Group 1-746,text,true,,13,0,548,548,null,0,0,0
1776588947182,136023,Not Shared DB,0,OK,Thread Group 1-146,text,true,,13,0,547,547,null,0,0,0
1776588977840,105367,Not Shared DB,0,OK,Thread Group 1-782,text,true,,13,0,547,547,null,0,0,0
1776588965896,117311,Not Shared DB,0,OK,Thread Group 1-518,text,true,,13,0,547,547,null,0,0,0
1776588971549,111659,Not Shared DB,0,OK,Thread Group 1-680,text,true,,13,0,545,545,null,0,0,0
1776588966787,116421,Not Shared DB,0,OK,Thread Group 1-571,text,true,,13,0,545,545,null,0,0,0
1776588963957,119252,Not Shared DB,0,OK,Thread Group 1-458,text,true,,13,0,542,542,null,0,0,0
1776588965628,117581,Not Shared DB,0,OK,Thread Group 1-508,text,true,,13,0,541,541,null,0,0,0
1776588948557,134652,Not Shared DB,0,OK,Thread Group 1-188,text,true,,13,0,540,540,null,0,0,0
1776588953181,130033,Not Shared DB,0,OK,Thread Group 1-279,text,true,,13,0,538,538,null,0,0,0
1776588968561,114654,Not Shared DB,0,OK,Thread Group 1-628,text,true,,13,0,538,538,null,0,0,0
1776588970080,113135,Not Shared DB,0,OK,Thread Group 1-653,text,true,,13,0,538,538,null,0,0,0
1776588962159,121056,Not Shared DB,0,OK,Thread Group 1-411,text,true,,13,0,538,538,null,0,0,0
1776588966200,117017,Not Shared DB,0,OK,Thread Group 1-536,text,true,,13,0,534,534,null,0,0,0
1776588953472,129746,Not Shared DB,0,OK,Thread Group 1-282,text,true,,13,0,533,533,null,0,0,0
1776588946590,136627,Not Shared DB,0,OK,Thread Group 1-87,text,true,,13,0,533,533,null,0,0,0
1776588964885,118334,Not Shared DB,0,OK,Thread Group 1-485,text,true,,13,0,533,533,null,0,0,0
1776588954315,128904,Not Shared DB,0,OK,Thread Group 1-292,text,true,,13,0,531,531,null,0,0,0
1776588961022,122200,Not Shared DB,0,OK,Thread Group 1-389,text,true,,13,0,529,529,null,0,0,0
1776588951313,131909,Not Shared DB,0,OK,Thread Group 1-239,text,true,,13,0,529,529,null,0,0,0
1776588966386,116837,Not Shared DB,0,OK,Thread Group 1-548,text,true,,13,0,528,528,null,0,0,0
1776588959128,124097,Not Shared DB,0,OK,Thread Group 1-357,text,true,,13,0,526,526,null,0,0,0
1776588957063,126164,Not Shared DB,0,OK,Thread Group 1-328,text,true,,13,0,525,525,null,0,0,0
1776588956037,127191,Not Shared DB,0,OK,Thread Group 1-315,text,true,,13,0,524,524,null,0,0,0
1776588962532,120698,Not Shared DB,0,OK,Thread Group 1-423,text,true,,13,0,523,523,null,0,0,0
1776588965766,117472,Not Shared DB,0,OK,Thread Group 1-513,text,true,,13,0,522,522,null,0,0,0
1776588965273,117966,Not Shared DB,0,OK,Thread Group 1-495,text,true,,13,0,521,521,null,0,0,0
1776588959232,124010,Not Shared DB,0,OK,Thread Group 1-358,text,true,,13,0,520,520,null,0,0,0
1776588967132,116112,Not Shared DB,0,OK,Thread Group 1-589,text,true,,13,0,519,519,null,0,0,0
1776588966418,116826,Not Shared DB,0,OK,Thread Group 1-549,text,true,,13,0,519,519,null,0,0,0
1776588949201,134042,Not Shared DB,0,OK,Thread Group 1-198,text,true,,13,0,519,519,null,0,0,0
1776588947569,135677,Not Shared DB,0,OK,Thread Group 1-159,text,true,,13,0,516,516,null,0,0,0
1776588947706,135541,Not Shared DB,0,OK,Thread Group 1-165,text,true,,13,0,516,516,null,0,0,0
1776588953542,129709,Not Shared DB,0,OK,Thread Group 1-283,text,true,,13,0,514,514,null,0,0,0
1776588962239,121012,Not Shared DB,0,OK,Thread Group 1-414,text,true,,13,0,514,514,null,0,0,0
1776588965367,117886,Not Shared DB,0,OK,Thread Group 1-497,text,true,,13,0,512,512,null,0,0,0
1776588962207,121048,Not Shared DB,0,OK,Thread Group 1-413,text,true,,13,0,511,511,null,0,0,0
1776588965442,117813,Not Shared DB,0,OK,Thread Group 1-501,text,true,,13,0,511,511,null,0,0,0
1776588965923,117333,Not Shared DB,0,OK,Thread Group 1-521,text,true,,13,0,510,510,null,0,0,0
1776588966303,116955,Not Shared DB,0,OK,Thread Group 1-541,text,true,,13,0,508,508,null,0,0,0
1776588964856,118402,Not Shared DB,0,OK,Thread Group 1-484,text,true,,13,0,508,508,null,0,0,0
1776588964497,118762,Not Shared DB,0,OK,Thread Group 1-474,text,true,,13,0,507,507,null,0,0,0
1776588965413,117847,Not Shared DB,0,OK,Thread Group 1-499,text,true,,13,0,505,505,null,0,0,0
1776588962190,121071,Not Shared DB,0,OK,Thread Group 1-412,text,true,,13,0,505,505,null,0,0,0
1776588966061,117202,Not Shared DB,0,OK,Thread Group 1-528,text,true,,13,0,503,503,null,0,0,0
1776588958097,125168,Not Shared DB,0,OK,Thread Group 1-342,text,true,,13,0,502,502,null,0,0,0
1776588953850,129416,Not Shared DB,0,OK,Thread Group 1-286,text,true,,13,0,501,501,null,0,0,0
1776588966303,116968,Not Shared DB,0,OK,Thread Group 1-540,text,true,,13,0,500,500,null,0,0,0
1776588955959,127314,Not Shared DB,0,OK,Thread Group 1-314,text,true,,13,0,499,499,null,0,0,0
1776588972617,110659,Not Shared DB,0,OK,Thread Group 1-696,text,true,,13,0,498,498,null,0,0,0
1776588967096,116181,Not Shared DB,0,OK,Thread Group 1-586,text,true,,13,0,497,497,null,0,0,0
1776588962826,120458,Not Shared DB,0,OK,Thread Group 1-432,text,true,,13,0,496,496,null,0,0,0
1776588946337,136950,Not Shared DB,0,OK,Thread Group 1-37,text,true,,13,0,495,495,null,0,0,0
1776588956618,126739,Not Shared DB,0,OK,Thread Group 1-323,text,true,,13,0,494,494,null,0,0,0
1776588966106,117313,Not Shared DB,0,OK,Thread Group 1-531,text,true,,13,0,493,493,null,0,0,0
1776588957448,125975,Not Shared DB,0,OK,Thread Group 1-335,text,true,,13,0,492,492,null,0,0,0
1776588957396,126028,Not Shared DB,0,OK,Thread Group 1-334,text,true,,13,0,491,491,null,0,0,0
1776588963122,120310,Not Shared DB,0,OK,Thread Group 1-439,text,true,,13,0,490,490,null,0,0,0
1776588950673,132769,Not Shared DB,0,OK,Thread Group 1-224,text,true,,13,0,489,489,null,0,0,0
1776588950466,132976,Not Shared DB,0,OK,Thread Group 1-219,text,true,,13,0,489,489,null,0,0,0
1776588967983,115463,Not Shared DB,0,OK,Thread Group 1-613,text,true,,13,0,487,487,null,0,0,0
1776588966505,116942,Not Shared DB,0,OK,Thread Group 1-550,text,true,,13,0,487,487,null,0,0,0
1776588960879,122568,Not Shared DB,0,OK,Thread Group 1-386,text,true,,13,0,486,486,null,0,0,0
1776588962407,121041,Not Shared DB,0,OK,Thread Group 1-420,text,true,,13,0,484,484,null,0,0,0
1776588967518,116092,Not Shared DB,0,OK,Thread Group 1-604,text,true,,13,0,483,483,null,0,0,0
1776588967874,115741,Not Shared DB,0,OK,Thread Group 1-611,text,true,,13,0,483,483,null,0,0,0
1776588950725,132892,Not Shared DB,1,Unexpected return code.  Expected [0]. Actual [1].,Thread Group 1-225,text,false,,234,0,483,483,null,0,0,0
1776588974826,108792,Not Shared DB,0,OK,Thread Group 1-732,text,true,,13,0,483,483,null,0,0,0
1776588971991,111628,Not Shared DB,0,OK,Thread Group 1-687,text,true,,13,0,483,483,null,0,0,0
1776588973611,110009,Not Shared DB,0,OK,Thread Group 1-712,text,true,,13,0,483,483,null,0,0,0
1776588963582,120038,Not Shared DB,0,OK,Thread Group 1-450,text,true,,13,0,483,483,null,0,0,0
1776588959798,123822,Not Shared DB,0,OK,Thread Group 1-368,text,true,,13,0,483,483,null,0,0,0
1776588960401,123219,Not Shared DB,0,OK,Thread Group 1-380,text,true,,13,0,483,483,null,0,0,0
1776588952550,131071,Not Shared DB,0,OK,Thread Group 1-263,text,true,,13,0,483,483,null,0,0,0
1776588949319,134302,Not Shared DB,1,Unexpected return code.  Expected [0]. Actual [1].,Thread Group 1-200,text,false,,234,0,483,483,null,0,0,0
1776588976002,107621,Not Shared DB,0,OK,Thread Group 1-748,text,true,,13,0,483,483,null,0,0,0
1776588977180,106447,Not Shared DB,0,OK,Thread Group 1-770,text,true,,13,0,483,483,null,0,0,0
1776588973009,110648,Not Shared DB,0,OK,Thread Group 1-702,text,true,,13,0,470,470,null,0,0,0
1776588979864,103800,Not Shared DB,0,OK,Thread Group 1-818,text,true,,13,0,469,469,null,0,0,0
1776588977367,106302,Not Shared DB,0,OK,Thread Group 1-774,text,true,,13,0,468,468,null,0,0,0
1776588963682,119995,Not Shared DB,0,OK,Thread Group 1-453,text,true,,13,0,467,467,null,0,0,0
1776588974214,109487,Not Shared DB,0,OK,Thread Group 1-721,text,true,,13,0,466,466,null,0,0,0
1776588978173,105535,Not Shared DB,0,OK,Thread Group 1-786,text,true,,13,0,465,465,null,0,0,0
1776588962764,120988,Not Shared DB,0,OK,Thread Group 1-430,text,true,,13,0,464,464,null,0,0,0
1776588966911,116846,Not Shared DB,0,OK,Thread Group 1-578,text,true,,13,0,463,463,null,0,0,0
1776588947291,136503,Not Shared DB,0,OK,Thread Group 1-150,text,true,,13,0,462,462,null,0,0,0
1776588954830,128993,Not Shared DB,0,OK,Thread Group 1-299,text,true,,13,0,461,461,null,0,0,0
1776588948244,135583,Not Shared DB,0,OK,Thread Group 1-182,text,true,,13,0,460,460,null,0,0,0
1776588954402,129427,Not Shared DB,0,OK,Thread Group 1-293,text,true,,13,0,459,459,null,0,0,0
1776588968412,115419,Not Shared DB,0,OK,Thread Group 1-625,text,true,,13,0,458,458,null,0,0,0
1776588965506,118334,Not Shared DB,0,OK,Thread Group 1-503,text,true,,13,0,457,457,null,0,0,0
1776588955048,128794,Not Shared DB,0,OK,Thread Group 1-302,text,true,,13,0,456,456,null,0,0,0
1776588963991,119855,Not Shared DB,0,OK,Thread Group 1-460,text,true,,13,0,455,455,null,0,0,0
1776588956284,127563,Not Shared DB,0,OK,Thread Group 1-318,text,true,,13,0,454,454,null,0,0,0
1776588973749,110098,Not Shared DB,0,OK,Thread Group 1-713,text,true,,13,0,454,454,null,0,0,0
1776588950382,133465,Not Shared DB,0,OK,Thread Group 1-217,text,true,,13,0,454,454,null,0,0,0
1776588973555,110293,Not Shared DB,0,OK,Thread Group 1-711,text,true,,13,0,454,454,null,0,0,0
1776588965690,118158,Not Shared DB,0,OK,Thread Group 1-510,text,true,,13,0,454,454,null,0,0,0
1776588955292,128557,Not Shared DB,0,OK,Thread Group 1-305,text,true,,13,0,449,449,null,0,0,0
1776588960976,122874,Not Shared DB,0,OK,Thread Group 1-388,text,true,,13,0,449,449,null,0,0,0
1776588963744,120108,Not Shared DB,0,OK,Thread Group 1-456,text,true,,13,0,447,447,null,0,0,0
1776588963554,120299,Not Shared DB,0,OK,Thread Group 1-449,text,true,,13,0,447,447,null,0,0,0
1776588977450,106404,Not Shared DB,0,OK,Thread Group 1-776,text,true,,13,0,445,445,null,0,0,0
1776588952055,131799,Not Shared DB,0,OK,Thread Group 1-252,text,true,,13,0,445,445,null,0,0,0
1776588971363,112492,Not Shared DB,0,OK,Thread Group 1-675,text,true,,13,0,443,443,null,0,0,0
1776588960664,123191,Not Shared DB,0,OK,Thread Group 1-384,text,true,,13,0,443,443,null,0,0,0
1776588958193,125663,Not Shared DB,0,OK,Thread Group 1-344,text,true,,13,0,441,441,null,0,0,0
1776588964652,119205,Not Shared DB,0,OK,Thread Group 1-478,text,true,,13,0,440,440,null,0,0,0
1776588965384,118473,Not Shared DB,0,OK,Thread Group 1-498,text,true,,13,0,440,440,null,0,0,0
1776588946696,137160,Not Shared DB,0,OK,Thread Group 1-108,text,true,,13,0,438,438,null,0,0,0
1776588961833,122025,Not Shared DB,0,OK,Thread Group 1-404,text,true,,13,0,438,438,null,0,0,0
1776588960539,123320,Not Shared DB,0,OK,Thread Group 1-382,text,true,,13,0,436,436,null,0,0,0
1776588959383,124477,Not Shared DB,0,OK,Thread Group 1-361,text,true,,13,0,436,436,null,0,0,0
1776588961086,122774,Not Shared DB,0,OK,Thread Group 1-391,text,true,,13,0,436,436,null,0,0,0
1776588963188,120737,Not Shared DB,0,OK,Thread Group 1-441,text,true,,13,0,433,433,null,0,0,0
1776588964964,118961,Not Shared DB,0,OK,Thread Group 1-487,text,true,,13,0,433,433,null,0,0,0
1776588963152,120774,Not Shared DB,0,OK,Thread Group 1-440,text,true,,13,0,433,433,null,0,0,0
1776588947478,136453,Not Shared DB,0,OK,Thread Group 1-154,text,true,,13,0,430,430,null,0,0,0
1776588949890,134051,Not Shared DB,0,OK,Thread Group 1-211,text,true,,13,0,430,430,null,0,0,0
1776588966653,117289,Not Shared DB,0,OK,Thread Group 1-562,text,true,,13,0,430,430,null,0,0,0
1776588967673,116270,Not Shared DB,0,OK,Thread Group 1-608,text,true,,13,0,430,430,null,0,0,0
1776588947226,136716,Not Shared DB,0,OK,Thread Group 1-148,text,true,,13,0,430,430,null,0,0,0
1776588946803,137139,Not Shared DB,0,OK,Thread Group 1-125,text,true,,13,0,430,430,null,0,0,0
1776588947944,136000,Not Shared DB,0,OK,Thread Group 1-171,text,true,,13,0,430,430,null,0,0,0
1776588953086,130860,Not Shared DB,0,OK,Thread Group 1-275,text,true,,13,0,430,430,null,0,0,0
1776588951272,132674,Not Shared DB,0,OK,Thread Group 1-235,text,true,,13,0,430,430,null,0,0,0
1776588968705,115243,Not Shared DB,0,OK,Thread Group 1-632,text,true,,13,0,430,430,null,0,0,0
1776588951862,132087,Not Shared DB,0,OK,Thread Group 1-248,text,true,,13,0,430,430,null,0,0,0
1776588960463,123486,Not Shared DB,0,OK,Thread Group 1-381,text,true,,13,0,430,430,null,0,0,0
1776588964114,119836,Not Shared DB,0,OK,Thread Group 1-464,text,true,,13,0,430,430,null,0,0,0
1776588954920,129030,Not Shared DB,0,OK,Thread Group 1-300,text,true,,13,0,430,430,null,0,0,0
1776588964917,119034,Not Shared DB,0,OK,Thread Group 1-486,text,true,,13,0,430,430,null,0,0,0
1776588967267,116686,Not Shared DB,0,OK,Thread Group 1-595,text,true,,13,0,430,430,null,0,0,0
1776588966511,117451,Not Shared DB,0,OK,Thread Group 1-554,text,true,,13,0,430,430,null,0,0,0
1776588961208,122754,Not Shared DB,0,OK,Thread Group 1-393,text,true,,13,0,430,430,null,0,0,0
1776588946409,137594,Not Shared DB,0,OK,Thread Group 1-51,text,true,,13,0,412,412,null,0,0,0
1776588950588,133461,Not Shared DB,0,OK,Thread Group 1-222,text,true,,13,0,411,411,null,0,0,0
1776588952293,131759,Not Shared DB,0,OK,Thread Group 1-258,text,true,,13,0,410,410,null,0,0,0
1776588947560,136501,Not Shared DB,0,OK,Thread Group 1-158,text,true,,13,0,409,409,null,0,0,0
1776588953134,130928,Not Shared DB,0,OK,Thread Group 1-276,text,true,,13,0,409,409,null,0,0,0
1776588971583,112508,Not Shared DB,0,OK,Thread Group 1-681,text,true,,13,0,407,407,null,0,0,0
1776588974118,110024,Not Shared DB,0,OK,Thread Group 1-720,text,true,,13,0,406,406,null,0,0,0
1776588947165,136980,Not Shared DB,0,OK,Thread Group 1-145,text,true,,13,0,405,405,null,0,0,0
1776588949597,134571,Not Shared DB,0,OK,Thread Group 1-205,text,true,,13,0,404,404,null,0,0,0
1776588965813,118382,Not Shared DB,0,OK,Thread Group 1-515,text,true,,13,0,403,403,null,0,0,0
1776588956362,127835,Not Shared DB,0,OK,Thread Group 1-319,text,true,,13,0,402,402,null,0,0,0
1776588948107,136126,Not Shared DB,0,OK,Thread Group 1-175,text,true,,13,0,401,401,null,0,0,0
1776588953306,130946,Not Shared DB,0,OK,Thread Group 1-280,text,true,,13,0,400,400,null,0,0,0
1776588954124,130134,Not Shared DB,0,OK,Thread Group 1-289,text,true,,13,0,399,399,null,0,0,0
1776588948773,135516,Not Shared DB,0,OK,Thread Group 1-191,text,true,,13,0,398,398,null,0,0,0
1776588953389,130903,Not Shared DB,0,OK,Thread Group 1-281,text,true,,13,0,397,397,null,0,0,0
1776588966850,117447,Not Shared DB,0,OK,Thread Group 1-575,text,true,,13,0,396,396,null,0,0,0
1776588949098,135203,Not Shared DB,0,OK,Thread Group 1-196,text,true,,13,0,395,395,null,0,0,0
1776588965954,118358,Not Shared DB,0,OK,Thread Group 1-523,text,true,,13,0,394,394,null,0,0,0
1776588963961,120361,Not Shared DB,0,OK,Thread Group 1-459,text,true,,13,0,393,393,null,0,0,0
1776588948035,136289,Not Shared DB,0,OK,Thread Group 1-174,text,true,,13,0,392,392,null,0,0,0
1776588967392,116937,Not Shared DB,0,OK,Thread Group 1-600,text,true,,13,0,391,391,null,0,0,0
1776588952085,132245,Not Shared DB,0,OK,Thread Group 1-253,text,true,,13,0,390,390,null,0,0,0
1776588948224,136105,Not Shared DB,0,OK,Thread Group 1-180,text,true,,13,0,390,390,null,0,0,0
1776588950549,133782,Not Shared DB,0,OK,Thread Group 1-221,text,true,,13,0,388,388,null,0,0,0
1776588950502,133832,Not Shared DB,0,OK,Thread Group 1-220,text,true,,13,0,387,387,null,0,0,0
1776588946633,137701,Not Shared DB,0,OK,Thread Group 1-96,text,true,,13,0,386,386,null,0,0,0
1776588953900,130436,Not Shared DB,0,OK,Thread Group 1-287,text,true,,13,0,386,386,null,0,0,0
1776588967204,117133,Not Shared DB,0,OK,Thread Group 1-593,text,true,,13,0,384,384,null,0,0,0
1776588950105,134233,Not Shared DB,0,OK,Thread Group 1-214,text,true,,13,0,383,383,null,0,0,0
1776588971939,112402,Not Shared DB,0,OK,Thread Group 1-686,text,true,,13,0,382,382,null,0,0,0
1776588947739,136603,Not Shared DB,0,OK,Thread Group 1-166,text,true,,13,0,381,381,null,0,0,0
1776588968454,115889,Not Shared DB,0,OK,Thread Group 1-626,text,true,,13,0,381,381,null,0,0,0
1776588953679,130664,Not Shared DB,0,OK,Thread Group 1-278,text,true,,13,0,381,381,null,0,0,0
1776588946846,137497,Not Shared DB,0,OK,Thread Group 1-132,text,true,,13,0,378,378,null,0,0,0
1776588953015,131329,Not Shared DB,0,OK,Thread Group 1-273,text,true,,13,0,378,378,null,0,0,0
1776588952454,131891,Not Shared DB,0,OK,Thread Group 1-261,text,true,,13,0,377,377,null,0,0,0
1776588959632,124713,Not Shared DB,0,OK,Thread Group 1-365,text,true,,13,0,376,376,null,0,0,0
1776588959598,124748,Not Shared DB,0,OK,Thread Group 1-364,text,true,,13,0,374,374,null,0,0,0
1776588970292,114054,Not Shared DB,0,OK,Thread Group 1-656,text,true,,13,0,374,374,null,0,0,0
1776588964212,120135,Not Shared DB,0,OK,Thread Group 1-466,text,true,,13,0,374,374,null,0,0,0
1776588959671,124677,Not Shared DB,0,OK,Thread Group 1-366,text,true,,13,0,371,371,null,0,0,0
1776588946520,137827,Not Shared DB,0,OK,Thread Group 1-73,text,true,,13,0,370,370,null,0,0,0
1776588959068,125281,Not Shared DB,0,OK,Thread Group 1-356,text,true,,13,0,370,370,null,0,0,0
1776588954160,130190,Not Shared DB,0,OK,Thread Group 1-290,text,true,,13,0,368,368,null,0,0,0
1776588966803,117547,Not Shared DB,0,OK,Thread Group 1-572,text,true,,13,0,368,368,null,0,0,0
1776588951394,132956,Not Shared DB,0,OK,Thread Group 1-241,text,true,,13,0,366,366,null,0,0,0
1776588967344,117008,Not Shared DB,0,OK,Thread Group 1-599,text,true,,13,0,365,365,null,0,0,0
1776588952530,131821,Not Shared DB,0,OK,Thread Group 1-262,text,true,,13,0,365,365,null,0,0,0
1776588952178,132175,Not Shared DB,0,OK,Thread Group 1-255,text,true,,13,0,363,363,null,0,0,0
1776588968191,116162,Not Shared DB,0,OK,Thread Group 1-619,text,true,,13,0,363,363,null,0,0,0
1776588956703,127651,Not Shared DB,0,OK,Thread Group 1-324,text,true,,13,0,361,361,null,0,0,0
1776588961878,122476,Not Shared DB,0,OK,Thread Group 1-405,text,true,,13,0,361,361,null,0,0,0
1776588963417,120938,Not Shared DB,0,OK,Thread Group 1-447,text,true,,13,0,361,361,null,0,0,0
1776588952011,132344,Not Shared DB,0,OK,Thread Group 1-251,text,true,,13,0,359,359,null,0,0,0
1776588955641,128716,Not Shared DB,0,OK,Thread Group 1-309,text,true,,13,0,357,357,null,0,0,0
1776588959531,124826,Not Shared DB,0,OK,Thread Group 1-362,text,true,,13,0,357,357,null,0,0,0
1776588965968,118390,Not Shared DB,0,OK,Thread Group 1-524,text,true,,13,0,355,355,null,0,0,0
1776588966386,117973,Not Shared DB,0,OK,Thread Group 1-547,text,true,,13,0,354,354,null,0,0,0
1776588964299,120060,Not Shared DB,0,OK,Thread Group 1-469,text,true,,13,0,354,354,null,0,0,0
1776588965689,118670,Not Shared DB,0,OK,Thread Group 1-509,text,true,,13,0,354,354,null,0,0,0
1776588964561,119799,Not Shared DB,0,OK,Thread Group 1-476,text,true,,13,0,353,353,null,0,0,0
1776588965541,118819,Not Shared DB,0,OK,Thread Group 1-504,text,true,,13,0,352,352,null,0,0,0
1776588964824,119536,Not Shared DB,0,OK,Thread Group 1-483,text,true,,13,0,350,350,null,0,0,0
1776588964663,119697,Not Shared DB,0,OK,Thread Group 1-480,text,true,,13,0,349,349,null,0,0,0
1776588963231,121130,Not Shared DB,0,OK,Thread Group 1-443,text,true,,13,0,347,347,null,0,0,0
1776588962453,121910,Not Shared DB,0,OK,Thread Group 1-421,text,true,,13,0,346,346,null,0,0,0
1776588963308,121060,Not Shared DB,0,OK,Thread Group 1-445,text,true,,13,0,345,345,null,0,0,0
1776588961052,123316,Not Shared DB,0,OK,Thread Group 1-390,text,true,,13,0,345,345,null,0,0,0
1776588948229,136138,Not Shared DB,0,OK,Thread Group 1-181,text,true,,13,0,345,345,null,0,0,0
1776588961988,122380,Not Shared DB,0,OK,Thread Group 1-407,text,true,,13,0,345,345,null,0,0,0
1776588964152,120216,Not Shared DB,0,OK,Thread Group 1-465,text,true,,13,0,345,345,null,0,0,0
1776588977106,107264,Not Shared DB,0,OK,Thread Group 1-767,text,true,,13,0,340,340,null,0,0,0
1776588961315,123057,Not Shared DB,0,OK,Thread Group 1-394,text,true,,13,0,339,339,null,0,0,0
1776588953216,131235,Not Shared DB,0,OK,Thread Group 1-277,text,true,,13,0,338,338,null,0,0,0
1776588969927,114525,Not Shared DB,0,OK,Thread Group 1-650,text,true,,13,0,338,338,null,0,0,0
1776588953053,131399,Not Shared DB,0,OK,Thread Group 1-274,text,true,,13,0,336,336,null,0,0,0
1776588964391,120062,Not Shared DB,0,OK,Thread Group 1-472,text,true,,13,0,335,335,null,0,0,0
1776588946830,137622,Not Shared DB,0,OK,Thread Group 1-130,text,true,,13,0,334,334,null,0,0,0
1776588967111,117345,Not Shared DB,0,OK,Thread Group 1-588,text,true,,13,0,333,333,null,0,0,0
1776588946820,137716,Not Shared DB,0,OK,Thread Group 1-128,text,true,,13,0,332,332,null,0,0,0
1776588948684,135856,Not Shared DB,0,OK,Thread Group 1-190,text,true,,13,0,331,331,null,0,0,0
1776588951243,133329,Not Shared DB,0,OK,Thread Group 1-234,text,true,,13,0,330,330,null,0,0,0
1776588946614,137963,Not Shared DB,0,OK,Thread Group 1-92,text,true,,13,0,329,329,null,0,0,0
1776588961681,122898,Not Shared DB,0,OK,Thread Group 1-402,text,true,,13,0,329,329,null,0,0,0
1776588946774,137813,Not Shared DB,0,OK,Thread Group 1-121,text,true,,13,0,327,327,null,0,0,0
1776588952326,132273,Not Shared DB,0,OK,Thread Group 1-259,text,true,,13,0,326,326,null,0,0,0
1776588964068,120533,Not Shared DB,0,OK,Thread Group 1-462,text,true,,13,0,325,325,null,0,0,0
1776588949980,134620,Not Shared DB,0,OK,Thread Group 1-213,text,true,,13,0,325,325,null,0,0,0
1776588967328,117274,Not Shared DB,0,OK,Thread Group 1-598,text,true,,13,0,324,324,null,0,0,0
1776588959798,124811,Not Shared DB,0,OK,Thread Group 1-369,text,true,,13,0,322,322,null,0,0,0
1776588951664,132950,Not Shared DB,0,OK,Thread Group 1-245,text,true,,13,0,321,321,null,0,0,0
1776588957166,127451,Not Shared DB,0,OK,Thread Group 1-329,text,true,,13,0,320,320,null,0,0,0
1776588946504,138112,Not Shared DB,0,OK,Thread Group 1-70,text,true,,13,0,320,320,null,0,0,0
1776588951231,133387,Not Shared DB,0,OK,Thread Group 1-237,text,true,,13,0,318,318,null,0,0,0
1776588958235,126385,Not Shared DB,0,OK,Thread Group 1-345,text,true,,13,0,318,318,null,0,0,0
1776588957633,126989,Not Shared DB,0,OK,Thread Group 1-337,text,true,,13,0,316,316,null,0,0,0
1776588971789,112833,Not Shared DB,0,OK,Thread Group 1-684,text,true,,13,0,316,316,null,0,0,0
1776588957818,126804,Not Shared DB,0,OK,Thread Group 1-339,text,true,,13,0,316,316,null,0,0,0
1776588946745,137877,Not Shared DB,0,OK,Thread Group 1-117,text,true,,13,0,316,316,null,0,0,0
1776588962357,122266,Not Shared DB,0,OK,Thread Group 1-418,text,true,,13,0,312,312,null,0,0,0
1776588959267,125356,Not Shared DB,0,OK,Thread Group 1-359,text,true,,13,0,312,312,null,0,0,0
1776588976768,107857,Not Shared DB,0,OK,Thread Group 1-762,text,true,,13,0,310,310,null,0,0,0
1776588954640,129985,Not Shared DB,0,OK,Thread Group 1-296,text,true,,13,0,310,310,null,0,0,0
1776588951236,133389,Not Shared DB,0,OK,Thread Group 1-238,text,true,,13,0,308,308,null,0,0,0
1776588956192,128434,Not Shared DB,0,OK,Thread Group 1-317,text,true,,13,0,308,308,null,0,0,0
1776588955821,128805,Not Shared DB,0,OK,Thread Group 1-312,text,true,,13,0,307,307,null,0,0,0
1776588961473,123155,Not Shared DB,0,OK,Thread Group 1-398,text,true,,13,0,305,305,null,0,0,0
1776588965896,118732,Not Shared DB,0,OK,Thread Group 1-519,text,true,,13,0,305,305,null,0,0,0
1776588964330,120300,Not Shared DB,0,OK,Thread Group 1-470,text,true,,13,0,303,303,null,0,0,0
1776588963650,120980,Not Shared DB,0,OK,Thread Group 1-452,text,true,,13,0,303,303,null,0,0,0
1776588947903,136765,Not Shared DB,0,OK,Thread Group 1-170,text,true,,13,0,301,301,null,0,0,0
1776588967565,117104,Not Shared DB,0,OK,Thread Group 1-605,text,true,,13,0,301,301,null,0,0,0
1776588964743,119928,Not Shared DB,0,OK,Thread Group 1-481,text,true,,13,0,299,299,null,0,0,0
1776588948834,135842,Not Shared DB,0,OK,Thread Group 1-193,text,true,,13,0,298,298,null,0,0,0
1776588965938,118739,Not Shared DB,0,OK,Thread Group 1-522,text,true,,13,0,298,298,null,0,0,0
1776588946900,137777,Not Shared DB,0,OK,Thread Group 1-136,text,true,,13,0,296,296,null,0,0,0
1776588949568,135110,Not Shared DB,0,OK,Thread Group 1-204,text,true,,13,0,295,295,null,0,0,0
1776588950932,133749,Not Shared DB,0,OK,Thread Group 1-230,text,true,,13,0,294,294,null,0,0,0
1776588966355,118327,Not Shared DB,0,OK,Thread Group 1-543,text,true,,13,0,294,294,null,0,0,0
1776588964499,120184,Not Shared DB,0,OK,Thread Group 1-475,text,true,,13,0,293,293,null,0,0,0
1776588959838,124846,Not Shared DB,0,OK,Thread Group 1-370,text,true,,13,0,291,291,null,0,0,0
1776588962253,122435,Not Shared DB,0,OK,Thread Group 1-415,text,true,,13,0,290,290,null,0,0,0
1776588947100,137588,Not Shared DB,0,OK,Thread Group 1-143,text,true,,13,0,290,290,null,0,0,0
1776588970958,113733,Not Shared DB,0,OK,Thread Group 1-670,text,true,,13,0,288,288,null,0,0,0
1776588958855,125837,Not Shared DB,0,OK,Thread Group 1-354,text,true,,13,0,288,288,null,0,0,0
1776588964653,120039,Not Shared DB,0,OK,Thread Group 1-479,text,true,,13,0,288,288,null,0,0,0
1776588964253,120439,Not Shared DB,0,OK,Thread Group 1-468,text,true,,13,0,285,285,null,0,0,0
1776588956742,128001,Not Shared DB,0,OK,Thread Group 1-325,text,true,,13,0,284,284,null,0,0,0
1776588967034,117710,Not Shared DB,0,OK,Thread Group 1-584,text,true,,13,0,283,283,null,0,0,0
1776588965829,118960,Not Shared DB,0,OK,Thread Group 1-516,text,true,,13,0,282,282,null,0,0,0
1776588951434,133363,Not Shared DB,0,OK,Thread Group 1-242,text,true,,13,0,281,281,null,0,0,0
1776588948368,136445,Not Shared DB,0,OK,Thread Group 1-184,text,true,,13,0,280,280,null,0,0,0
1776588947064,137751,Not Shared DB,0,OK,Thread Group 1-141,text,true,,13,0,279,279,null,0,0,0
1776588955181,129637,Not Shared DB,0,OK,Thread Group 1-304,text,true,,13,0,278,278,null,0,0,0
1776588947775,137043,Not Shared DB,0,OK,Thread Group 1-167,text,true,,13,0,277,277,null,0,0,0
1776588960303,124518,Not Shared DB,0,OK,Thread Group 1-378,text,true,,13,0,276,276,null,0,0,0
1776588947513,137340,Not Shared DB,0,OK,Thread Group 1-156,text,true,,13,0,275,275,null,0,0,0
1776588967237,117621,Not Shared DB,0,OK,Thread Group 1-594,text,true,,13,0,274,274,null,0,0,0
1776588952764,132101,Not Shared DB,0,OK,Thread Group 1-267,text,true,,13,0,273,273,null,0,0,0
1776588947827,137040,Not Shared DB,0,OK,Thread Group 1-168,text,true,,13,0,272,272,null,0,0,0
1776588946638,138232,Not Shared DB,0,OK,Thread Group 1-97,text,true,,13,0,271,271,null,0,0,0
1776588948400,136473,Not Shared DB,0,OK,Thread Group 1-185,text,true,,13,0,270,270,null,0,0,0
1776588965474,119404,Not Shared DB,0,OK,Thread Group 1-502,text,true,,13,0,269,269,null,0,0,0
1776588946852,138031,Not Shared DB,0,OK,Thread Group 1-133,text,true,,13,0,268,268,null,0,0,0
1776588962937,121948,Not Shared DB,0,OK,Thread Group 1-433,text,true,,13,0,268,268,null,0,0,0
1776588953776,131112,Not Shared DB,0,OK,Thread Group 1-285,text,true,,13,0,266,266,null,0,0,0
1776588949454,135433,Not Shared DB,0,OK,Thread Group 1-202,text,true,,13,0,266,266,null,0,0,0
1776588951509,133378,Not Shared DB,0,OK,Thread Group 1-243,text,true,,13,0,264,264,null,0,0,0
1776588957898,126999,Not Shared DB,0,OK,Thread Group 1-340,text,true,,13,0,263,263,null,0,0,0
1776588957334,127565,Not Shared DB,0,OK,Thread Group 1-333,text,true,,13,0,262,262,null,0,0,0
1776588947496,137402,Not Shared DB,0,OK,Thread Group 1-155,text,true,,13,0,262,262,null,0,0,0
1776588946810,138089,Not Shared DB,0,OK,Thread Group 1-126,text,true,,13,0,262,262,null,0,0,0
1776588946569,138330,Not Shared DB,0,OK,Thread Group 1-83,text,true,,13,0,260,260,null,0,0,0
1776588967313,117588,Not Shared DB,0,OK,Thread Group 1-597,text,true,,13,0,259,259,null,0,0,0
1776588966123,118780,Not Shared DB,0,OK,Thread Group 1-532,text,true,,13,0,257,257,null,0,0,0
1776588966064,118840,Not Shared DB,0,OK,Thread Group 1-527,text,true,,13,0,256,256,null,0,0,0
1776588947680,137224,Not Shared DB,0,OK,Thread Group 1-163,text,true,,13,0,255,255,null,0,0,0
1776588950992,133914,Not Shared DB,0,OK,Thread Group 1-231,text,true,,13,0,254,254,null,0,0,0
1776588950780,134126,Not Shared DB,0,OK,Thread Group 1-227,text,true,,13,0,254,254,null,0,0,0
1776588946988,137919,Not Shared DB,0,OK,Thread Group 1-138,text,true,,13,0,252,252,null,0,0,0
1776588951809,133099,Not Shared DB,0,OK,Thread Group 1-247,text,true,,13,0,251,251,null,0,0,0
1776588965584,119327,Not Shared DB,0,OK,Thread Group 1-507,text,true,,13,0,250,250,null,0,0,0
1776588960124,124787,Not Shared DB,0,OK,Thread Group 1-376,text,true,,13,0,250,250,null,0,0,0
1776588946708,138202,Not Shared DB,0,OK,Thread Group 1-110,text,true,,13,0,250,250,null,0,0,0
1776588963697,121215,Not Shared DB,0,OK,Thread Group 1-454,text,true,,13,0,248,248,null,0,0,0
1776588946530,138383,Not Shared DB,0,OK,Thread Group 1-75,text,true,,13,0,246,246,null,0,0,0
1776588966757,118157,Not Shared DB,0,OK,Thread Group 1-569,text,true,,13,0,246,246,null,0,0,0
1776588949782,135131,Not Shared DB,0,OK,Thread Group 1-209,text,true,,13,0,246,246,null,0,0,0
1776588955366,129551,Not Shared DB,0,OK,Thread Group 1-306,text,true,,13,0,243,243,null,0,0,0
1776588966695,118223,Not Shared DB,0,OK,Thread Group 1-564,text,true,,13,0,242,242,null,0,0,0
1776588955131,129790,Not Shared DB,0,OK,Thread Group 1-303,text,true,,13,0,241,241,null,0,0,0
1776588967470,117451,Not Shared DB,0,OK,Thread Group 1-603,text,true,,13,0,241,241,null,0,0,0
1776588962562,122359,Not Shared DB,0,OK,Thread Group 1-424,text,true,,13,0,241,241,null,0,0,0
1776588955772,129153,Not Shared DB,0,OK,Thread Group 1-311,text,true,,13,0,238,238,null,0,0,0
1776588952897,132030,Not Shared DB,0,OK,Thread Group 1-271,text,true,,13,0,237,237,null,0,0,0
1776588962794,122134,Not Shared DB,0,OK,Thread Group 1-431,text,true,,13,0,237,237,null,0,0,0
1776588965134,119794,Not Shared DB,0,OK,Thread Group 1-490,text,true,,13,0,235,235,null,0,0,0
1776588962484,122449,Not Shared DB,0,OK,Thread Group 1-422,text,true,,13,0,234,234,null,0,0,0
1776588965165,119777,Not Shared DB,0,OK,Thread Group 1-491,text,true,,13,0,233,233,null,0,0,0
1776588948966,136021,Not Shared DB,0,OK,Thread Group 1-195,text,true,,13,0,232,232,null,0,0,0
1776588959335,125810,Not Shared DB,0,OK,Thread Group 1-360,text,true,,13,0,231,231,null,0,0,0
1776588953944,131203,Not Shared DB,0,OK,Thread Group 1-288,text,true,,13,0,231,231,null,0,0,0
1776588966091,119058,Not Shared DB,0,OK,Thread Group 1-530,text,true,,13,0,229,229,null,0,0,0
1776588947052,138098,Not Shared DB,0,OK,Thread Group 1-140,text,true,,13,0,228,228,null,0,0,0
1776588946549,138603,Not Shared DB,0,OK,Thread Group 1-79,text,true,,13,0,227,227,null,0,0,0
1776588949811,135343,Not Shared DB,0,OK,Thread Group 1-210,text,true,,13,0,227,227,null,0,0,0
1776588950762,134533,Not Shared DB,0,OK,Thread Group 1-226,text,true,,13,0,225,225,null,0,0,0
1776588958542,126754,Not Shared DB,0,OK,Thread Group 1-349,text,true,,13,0,225,225,null,0,0,0
1776588946398,138898,Not Shared DB,0,OK,Thread Group 1-49,text,true,,13,0,225,225,null,0,0,0
1776588946579,138772,Not Shared DB,0,OK,Thread Group 1-85,text,true,,13,0,222,222,null,0,0,0
1776588950620,134782,Not Shared DB,0,OK,Thread Group 1-223,text,true,,13,0,221,221,null,0,0,0
1776588947648,137754,Not Shared DB,0,OK,Thread Group 1-162,text,true,,13,0,221,221,null,0,0,0
1776588958639,126765,Not Shared DB,0,OK,Thread Group 1-350,text,true,,13,0,219,219,null,0,0,0
1776588960172,125233,Not Shared DB,0,OK,Thread Group 1-377,text,true,,13,0,219,219,null,0,0,0
1776588965891,119514,Not Shared DB,0,OK,Thread Group 1-520,text,true,,13,0,217,217,null,0,0,0
1776588952719,132686,Not Shared DB,0,OK,Thread Group 1-266,text,true,,13,0,217,217,null,0,0,0
1776588959953,125452,Not Shared DB,0,OK,Thread Group 1-373,text,true,,13,0,216,216,null,0,0,0
1776588962166,123240,Not Shared DB,0,OK,Thread Group 1-410,text,true,,13,0,215,215,null,0,0,0
1776588962106,123301,Not Shared DB,0,OK,Thread Group 1-409,text,true,,13,0,213,213,null,0,0,0
1776588959915,125491,Not Shared DB,0,OK,Thread Group 1-372,text,true,,13,0,213,213,null,0,0,0
1776588965752,119655,Not Shared DB,0,OK,Thread Group 1-512,text,true,,13,0,213,213,null,0,0,0
1776588958339,127070,Not Shared DB,0,OK,Thread Group 1-346,text,true,,13,0,210,210,null,0,0,0
1776588948159,137257,Not Shared DB,0,OK,Thread Group 1-176,text,true,,13,0,209,209,null,0,0,0
1776588962668,122752,Not Shared DB,0,OK,Thread Group 1-425,text,true,,13,0,208,208,null,0,0,0
1776588951953,133466,Not Shared DB,0,OK,Thread Group 1-250,text,true,,13,0,208,208,null,0,0,0
1776588950894,134534,Not Shared DB,0,OK,Thread Group 1-229,text,true,,13,0,206,206,null,0,0,0
1776588946943,138491,Not Shared DB,0,OK,Thread Group 1-137,text,true,,13,0,205,205,null,0,0,0
1776588970456,114981,Not Shared DB,0,OK,Thread Group 1-659,text,true,,13,0,204,204,null,0,0,0
1776588966015,119425,Not Shared DB,0,OK,Thread Group 1-525,text,true,,13,0,203,203,null,0,0,0
1776588950867,134573,Not Shared DB,0,OK,Thread Group 1-228,text,true,,13,0,203,203,null,0,0,0
1776588960063,125379,Not Shared DB,0,OK,Thread Group 1-375,text,true,,13,0,201,201,null,0,0,0
1776588960949,124494,Not Shared DB,0,OK,Thread Group 1-387,text,true,,13,0,201,201,null,0,0,0
1776588958123,127320,Not Shared DB,0,OK,Thread Group 1-343,text,true,,13,0,200,200,null,0,0,0
1776588950261,135181,Not Shared DB,0,OK,Thread Group 1-215,text,true,,13,0,200,200,null,0,0,0
1776588951744,133700,Not Shared DB,0,OK,Thread Group 1-246,text,true,,13,0,197,197,null,0,0,0
1776588946740,138704,Not Shared DB,0,OK,Thread Group 1-116,text,true,,13,0,197,197,null,0,0,0
1776588952404,133043,Not Shared DB,0,OK,Thread Group 1-260,text,true,,13,0,195,195,null,0,0,0
1776588960015,125432,Not Shared DB,0,OK,Thread Group 1-374,text,true,,13,0,195,195,null,0,0,0
1776588964622,120825,Not Shared DB,0,OK,Thread Group 1-477,text,true,,13,0,193,193,null,0,0,0
1776588952255,133197,Not Shared DB,0,OK,Thread Group 1-257,text,true,,13,0,192,192,null,0,0,0
1776588966728,118726,Not Shared DB,0,OK,Thread Group 1-567,text,true,,13,0,191,191,null,0,0,0
1776588962355,123099,Not Shared DB,0,OK,Thread Group 1-417,text,true,,13,0,190,190,null,0,0,0
1776588956122,129334,Not Shared DB,0,OK,Thread Group 1-316,text,true,,13,0,189,189,null,0,0,0
1776588956517,128940,Not Shared DB,0,OK,Thread Group 1-321,text,true,,13,0,189,189,null,0,0,0
1776588955573,129885,Not Shared DB,0,OK,Thread Group 1-308,text,true,,13,0,187,187,null,0,0,0
1776588952625,132833,Not Shared DB,0,OK,Thread Group 1-265,text,true,,13,0,186,186,null,0,0,0
1776588959915,125544,Not Shared DB,0,OK,Thread Group 1-371,text,true,,13,0,186,186,null,0,0,0
1776588948149,137311,Not Shared DB,0,OK,Thread Group 1-177,text,true,,13,0,184,184,null,0,0,0
1776588948171,137289,Not Shared DB,0,OK,Thread Group 1-178,text,true,,13,0,184,184,null,0,0,0
1776588948899,136561,Not Shared DB,0,OK,Thread Group 1-194,text,true,,13,0,184,184,null,0,0,0
1776588965063,120412,Not Shared DB,0,OK,Thread Group 1-488,text,true,,13,0,181,181,null,0,0,0
1776588949620,135855,Not Shared DB,0,OK,Thread Group 1-206,text,true,,13,0,181,181,null,0,0,0
1776588949165,136310,Not Shared DB,0,OK,Thread Group 1-197,text,true,,13,0,181,181,null,0,0,0
1776588967066,118412,Not Shared DB,0,OK,Thread Group 1-585,text,true,,13,0,178,178,null,0,0,0
1776588946735,138743,Not Shared DB,0,OK,Thread Group 1-115,text,true,,13,0,177,177,null,0,0,0
1776588962050,123430,Not Shared DB,0,OK,Thread Group 1-408,text,true,,13,0,176,176,null,0,0,0
1776588958421,127061,Not Shared DB,0,OK,Thread Group 1-347,text,true,,13,0,175,175,null,0,0,0
1776588970919,115708,Not Shared DB,0,OK,Thread Group 1-668,text,true,,13,0,174,174,null,0,0,0
1776588979784,116394,Not Shared DB,0,OK,Thread Group 1-815,text,true,,13,0,173,173,null,0,0,0
1776588947120,149149,Not Shared DB,0,OK,Thread Group 1-144,text,true,,13,0,172,172,null,0,0,0
1776589039652,56997,Not Shared DB,0,OK,Thread Group 1-909,text,true,,13,0,171,171,null,0,0,0
1776589039888,57197,Not Shared DB,0,OK,Thread Group 1-936,text,true,,13,0,170,170,null,0,0,0
1776589039477,57615,Not Shared DB,0,OK,Thread Group 1-841,text,true,,13,0,169,169,null,0,0,0
1776589039598,57534,Not Shared DB,0,OK,Thread Group 1-859,text,true,,13,0,168,168,null,0,0,0
1776589039566,57580,Not Shared DB,0,OK,Thread Group 1-848,text,true,,13,0,167,167,null,0,0,0
1776589039952,57296,Not Shared DB,0,OK,Thread Group 1-955,text,true,,13,0,166,166,null,0,0,0
1776589039497,57772,Not Shared DB,0,OK,Thread Group 1-852,text,true,,13,0,165,165,null,0,0,0
1776589039468,57805,Not Shared DB,0,OK,Thread Group 1-846,text,true,,13,0,164,164,null,0,0,0
1776589040035,57257,Not Shared DB,0,OK,Thread Group 1-972,text,true,,13,0,163,163,null,0,0,0
1776589040146,57163,Not Shared DB,0,OK,Thread Group 1-987,text,true,,13,0,162,162,null,0,0,0
1776589039573,57741,Not Shared DB,0,OK,Thread Group 1-851,text,true,,13,0,161,161,null,0,0,0
1776589039431,57977,Not Shared DB,0,OK,Thread Group 1-838,text,true,,13,0,160,160,null,0,0,0
1776589039674,57856,Not Shared DB,0,OK,Thread Group 1-869,text,true,,13,0,159,159,null,0,0,0
1776589039994,57580,Not Shared DB,0,OK,Thread Group 1-964,text,true,,13,0,158,158,null,0,0,0
1776589039815,57795,Not Shared DB,0,OK,Thread Group 1-925,text,true,,13,0,157,157,null,0,0,0
1776589039970,57658,Not Shared DB,0,OK,Thread Group 1-942,text,true,,13,0,156,156,null,0,0,0
1776589039783,57841,Not Shared DB,0,OK,Thread Group 1-898,text,true,,13,0,156,156,null,0,0,0
1776589040228,57402,Not Shared DB,0,OK,Thread Group 1-997,text,true,,13,0,156,156,null,0,0,0
1776589039687,57944,Not Shared DB,0,OK,Thread Group 1-876,text,true,,13,0,156,156,null,0,0,0
1776589039541,58096,Not Shared DB,0,OK,Thread Group 1-863,text,true,,13,0,156,156,null,0,0,0
1776589039967,57668,Not Shared DB,0,OK,Thread Group 1-938,text,true,,13,0,156,156,null,0,0,0
1776589039782,57873,Not Shared DB,0,OK,Thread Group 1-890,text,true,,13,0,156,156,null,0,0,0
1776589040171,57489,Not Shared DB,0,OK,Thread Group 1-979,text,true,,13,0,156,156,null,0,0,0
1776589039687,57987,Not Shared DB,0,OK,Thread Group 1-894,text,true,,13,0,148,148,null,0,0,0
1776589039595,58085,Not Shared DB,0,OK,Thread Group 1-854,text,true,,13,0,148,148,null,0,0,0
1776589040029,57668,Not Shared DB,0,OK,Thread Group 1-981,text,true,,13,0,147,147,null,0,0,0
1776589039639,58071,Not Shared DB,0,OK,Thread Group 1-906,text,true,,13,0,146,146,null,0,0,0
1776589039586,58129,Not Shared DB,0,OK,Thread Group 1-847,text,true,,13,0,145,145,null,0,0,0
1776589039427,58289,Not Shared DB,0,OK,Thread Group 1-837,text,true,,13,0,145,145,null,0,0,0
1776589039438,58285,Not Shared DB,0,OK,Thread Group 1-840,text,true,,13,0,142,142,null,0,0,0
1776589039500,58223,Not Shared DB,0,OK,Thread Group 1-843,text,true,,13,0,142,142,null,0,0,0
1776589039948,57777,Not Shared DB,0,OK,Thread Group 1-935,text,true,,13,0,142,142,null,0,0,0
1776589040178,57622,Not Shared DB,0,OK,Thread Group 1-999,text,true,,13,0,139,139,null,0,0,0
1776589039796,58004,Not Shared DB,0,OK,Thread Group 1-910,text,true,,13,0,138,138,null,0,0,0
1776588978941,118797,Not Shared DB,0,OK,Thread Group 1-799,text,true,,13,0,138,138,null,0,0,0
1776589039950,57852,Not Shared DB,0,OK,Thread Group 1-949,text,true,,13,0,137,137,null,0,0,0
1776589040039,57774,Not Shared DB,0,OK,Thread Group 1-966,text,true,,13,0,135,135,null,0,0,0
1776589039729,58092,Not Shared DB,0,OK,Thread Group 1-889,text,true,,13,0,134,134,null,0,0,0
1776589039729,58102,Not Shared DB,0,OK,Thread Group 1-920,text,true,,13,0,133,133,null,0,0,0
1776589039497,58336,Not Shared DB,0,OK,Thread Group 1-867,text,true,,13,0,132,132,null,0,0,0
1776589039490,58354,Not Shared DB,0,OK,Thread Group 1-865,text,true,,13,0,131,131,null,0,0,0
1776589039552,58302,Not Shared DB,0,OK,Thread Group 1-842,text,true,,13,0,130,130,null,0,0,0
1776589040178,57678,Not Shared DB,0,OK,Thread Group 1-993,text,true,,13,0,129,129,null,0,0,0
1776589039616,58240,Not Shared DB,0,OK,Thread Group 1-879,text,true,,13,0,129,129,null,0,0,0
1776589039539,58322,Not Shared DB,0,OK,Thread Group 1-874,text,true,,13,0,127,127,null,0,0,0
1776589039696,58167,Not Shared DB,0,OK,Thread Group 1-868,text,true,,13,0,126,126,null,0,0,0
1776589039965,57896,Not Shared DB,0,OK,Thread Group 1-939,text,true,,13,0,126,126,null,0,0,0
1776589039559,58307,Not Shared DB,0,OK,Thread Group 1-861,text,true,,13,0,124,124,null,0,0,0
1776589039438,58437,Not Shared DB,0,OK,Thread Group 1-839,text,true,,13,0,123,123,null,0,0,0
1776589039551,58325,Not Shared DB,0,OK,Thread Group 1-844,text,true,,13,0,122,122,null,0,0,0
1776589039696,58182,Not Shared DB,0,OK,Thread Group 1-908,text,true,,13,0,121,121,null,0,0,0
1776589039540,58344,Not Shared DB,0,OK,Thread Group 1-849,text,true,,13,0,120,120,null,0,0,0
1776589040047,57838,Not Shared DB,0,OK,Thread Group 1-958,text,true,,13,0,120,120,null,0,0,0
1776589039794,58091,Not Shared DB,0,OK,Thread Group 1-892,text,true,,13,0,118,118,null,0,0,0
1776589039548,58344,Not Shared DB,0,OK,Thread Group 1-875,text,true,,13,0,117,117,null,0,0,0
1776589039870,58029,Not Shared DB,0,OK,Thread Group 1-937,text,true,,13,0,116,116,null,0,0,0
1776589039647,58252,Not Shared DB,0,OK,Thread Group 1-866,text,true,,13,0,116,116,null,0,0,0
1776589039879,58024,Not Shared DB,0,OK,Thread Group 1-921,text,true,,13,0,114,114,null,0,0,0
1776589040044,57864,Not Shared DB,0,OK,Thread Group 1-995,text,true,,13,0,113,113,null,0,0,0
1776589039543,58365,Not Shared DB,0,OK,Thread Group 1-871,text,true,,13,0,113,113,null,0,0,0
1776589039419,58493,Not Shared DB,0,OK,Thread Group 1-855,text,true,,13,0,111,111,null,0,0,0
1776589039879,58034,Not Shared DB,0,OK,Thread Group 1-919,text,true,,13,0,110,110,null,0,0,0
1776589040125,57791,Not Shared DB,0,OK,Thread Group 1-975,text,true,,13,0,109,109,null,0,0,0
1776589039545,58372,Not Shared DB,0,OK,Thread Group 1-836,text,true,,13,0,109,109,null,0,0,0
1776589040110,57808,Not Shared DB,0,OK,Thread Group 1-963,text,true,,13,0,107,107,null,0,0,0
1776589039419,58504,Not Shared DB,0,OK,Thread Group 1-856,text,true,,13,0,106,106,null,0,0,0
1776589040002,57920,Not Shared DB,0,OK,Thread Group 1-952,text,true,,13,0,105,105,null,0,0,0
1776589039964,57964,Not Shared DB,0,OK,Thread Group 1-957,text,true,,13,0,104,104,null,0,0,0
1776589039732,58198,Not Shared DB,0,OK,Thread Group 1-878,text,true,,13,0,103,103,null,0,0,0
1776589039936,57997,Not Shared DB,0,OK,Thread Group 1-950,text,true,,13,0,102,102,null,0,0,0
1776589039632,58306,Not Shared DB,0,OK,Thread Group 1-862,text,true,,13,0,101,101,null,0,0,0
1776589039515,58423,Not Shared DB,0,OK,Thread Group 1-850,text,true,,13,0,100,100,null,0,0,0
1776589039848,58091,Not Shared DB,0,OK,Thread Group 1-907,text,true,,13,0,100,100,null,0,0,0
1776589039422,58517,Not Shared DB,0,OK,Thread Group 1-857,text,true,,13,0,99,99,null,0,0,0
1776589040127,57812,Not Shared DB,0,OK,Thread Group 1-994,text,true,,13,0,98,98,null,0,0,0
1776589039638,58303,Not Shared DB,0,OK,Thread Group 1-885,text,true,,13,0,98,98,null,0,0,0
1776589039859,58083,Not Shared DB,0,OK,Thread Group 1-933,text,true,,13,0,98,98,null,0,0,0
1776589040081,57857,Not Shared DB,0,OK,Thread Group 1-971,text,true,,13,0,98,98,null,0,0,0
1776589039876,58066,Not Shared DB,0,OK,Thread Group 1-930,text,true,,13,0,98,98,null,0,0,0
1776589039733,58216,Not Shared DB,0,OK,Thread Group 1-903,text,true,,13,0,92,92,null,0,0,0
1776589039879,58073,Not Shared DB,0,OK,Thread Group 1-911,text,true,,13,0,91,91,null,0,0,0
1776589039783,58170,Not Shared DB,0,OK,Thread Group 1-912,text,true,,13,0,90,90,null,0,0,0
1776589040066,57904,Not Shared DB,0,OK,Thread Group 1-980,text,true,,13,0,89,89,null,0,0,0
1776589039869,58102,Not Shared DB,0,OK,Thread Group 1-960,text,true,,13,0,89,89,null,0,0,0
1776589039687,58284,Not Shared DB,0,OK,Thread Group 1-916,text,true,,13,0,87,87,null,0,0,0
1776589039493,58489,Not Shared DB,0,OK,Thread Group 1-834,text,true,,13,0,86,86,null,0,0,0
1776589039794,58188,Not Shared DB,0,OK,Thread Group 1-929,text,true,,13,0,86,86,null,0,0,0
1776589039845,58137,Not Shared DB,0,OK,Thread Group 1-932,text,true,,13,0,84,84,null,0,0,0
1776589039909,58073,Not Shared DB,0,OK,Thread Group 1-924,text,true,,13,0,83,83,null,0,0,0
1776589039880,58107,Not Shared DB,0,OK,Thread Group 1-947,text,true,,13,0,82,82,null,0,0,0
1776588951361,146631,Not Shared DB,0,OK,Thread Group 1-240,text,true,,13,0,81,81,null,0,0,0
1776589039461,58532,Not Shared DB,0,OK,Thread Group 1-860,text,true,,13,0,81,81,null,0,0,0
1776589039927,58068,Not Shared DB,0,OK,Thread Group 1-943,text,true,,13,0,79,79,null,0,0,0
1776589039842,58157,Not Shared DB,0,OK,Thread Group 1-904,text,true,,13,0,78,78,null,0,0,0
1776589039571,58428,Not Shared DB,0,OK,Thread Group 1-864,text,true,,13,0,78,78,null,0,0,0
1776589040143,57856,Not Shared DB,0,OK,Thread Group 1-983,text,true,,13,0,78,78,null,0,0,0
1776589039726,58285,Not Shared DB,0,OK,Thread Group 1-883,text,true,,13,0,75,75,null,0,0,0
1776589040204,57813,Not Shared DB,0,OK,Thread Group 1-1000,text,true,,13,0,74,74,null,0,0,0
1776589039658,58359,Not Shared DB,0,OK,Thread Group 1-913,text,true,,13,0,74,74,null,0,0,0
1776589039514,58504,Not Shared DB,0,OK,Thread Group 1-877,text,true,,13,0,72,72,null,0,0,0
1776589040135,57886,Not Shared DB,0,OK,Thread Group 1-996,text,true,,13,0,71,71,null,0,0,0
1776589039729,58314,Not Shared DB,0,OK,Thread Group 1-902,text,true,,13,0,70,70,null,0,0,0
1776589040045,57998,Not Shared DB,0,OK,Thread Group 1-956,text,true,,13,0,69,69,null,0,0,0
1776589039683,58361,Not Shared DB,0,OK,Thread Group 1-873,text,true,,13,0,68,68,null,0,0,0
1776589039642,58402,Not Shared DB,0,OK,Thread Group 1-896,text,true,,13,0,68,68,null,0,0,0
1776589040168,57877,Not Shared DB,0,OK,Thread Group 1-989,text,true,,13,0,66,66,null,0,0,0
1776589039480,58570,Not Shared DB,0,OK,Thread Group 1-858,text,true,,13,0,65,65,null,0,0,0
1776588980507,117548,Not Shared DB,0,OK,Thread Group 1-830,text,true,,13,0,64,64,null,0,0,0
1776589040204,57850,Not Shared DB,0,OK,Thread Group 1-992,text,true,,13,0,64,64,null,0,0,0
1776588967627,130426,Not Shared DB,0,OK,Thread Group 1-606,text,true,,13,0,64,64,null,0,0,0
1776589040202,57852,Not Shared DB,0,OK,Thread Group 1-985,text,true,,13,0,64,64,null,0,0,0
1776589039916,58140,Not Shared DB,0,OK,Thread Group 1-941,text,true,,13,0,60,60,null,0,0,0
1776589039907,58150,Not Shared DB,0,OK,Thread Group 1-918,text,true,,13,0,60,60,null,0,0,0
1776589039734,58324,Not Shared DB,0,OK,Thread Group 1-882,text,true,,13,0,58,58,null,0,0,0
1776589040058,58001,Not Shared DB,0,OK,Thread Group 1-951,text,true,,13,0,58,58,null,0,0,0
1776589038108,59954,Not Shared DB,0,OK,Thread Group 1-500,text,true,,13,0,57,57,null,0,0,0
1776589039486,58577,Not Shared DB,0,OK,Thread Group 1-845,text,true,,13,0,56,56,null,0,0,0
1776589039605,58475,Not Shared DB,0,OK,Thread Group 1-872,text,true,,13,0,54,54,null,0,0,0
1776589039644,58777,Not Shared DB,0,OK,Thread Group 1-870,text,true,,13,0,53,53,null,0,0,0
1776589039876,58714,Not Shared DB,0,OK,Thread Group 1-922,text,true,,13,0,52,52,null,0,0,0
1776589039990,58615,Not Shared DB,0,OK,Thread Group 1-944,text,true,,13,0,51,51,null,0,0,0
1776589039613,58993,Not Shared DB,0,OK,Thread Group 1-900,text,true,,13,0,50,50,null,0,0,0
1776589039870,58752,Not Shared DB,0,OK,Thread Group 1-946,text,true,,13,0,49,49,null,0,0,0
1776589039805,58835,Not Shared DB,0,OK,Thread Group 1-893,text,true,,13,0,48,48,null,0,0,0
1776589039904,58748,Not Shared DB,0,OK,Thread Group 1-927,text,true,,13,0,48,48,null,0,0,0
1776589039725,58927,Not Shared DB,0,OK,Thread Group 1-897,text,true,,13,0,48,48,null,0,0,0
1776589039570,59083,Not Shared DB,0,OK,Thread Group 1-886,text,true,,13,0,48,48,null,0,0,0
1776589040152,58521,Not Shared DB,0,OK,Thread Group 1-973,text,true,,13,0,48,48,null,0,0,0
1776589040068,58616,Not Shared DB,0,OK,Thread Group 1-961,text,true,,13,0,43,43,null,0,0,0
1776589039671,59097,Not Shared DB,0,OK,Thread Group 1-887,text,true,,13,0,42,42,null,0,0,0
1776589039870,59018,Not Shared DB,0,OK,Thread Group 1-915,text,true,,13,0,41,41,null,0,0,0
1776589039893,59047,Not Shared DB,0,OK,Thread Group 1-940,text,true,,13,0,40,40,null,0,0,0
1776589040024,58933,Not Shared DB,0,OK,Thread Group 1-970,text,true,,13,0,39,39,null,0,0,0
1776589039736,59233,Not Shared DB,0,OK,Thread Group 1-888,text,true,,13,0,38,38,null,0,0,0
1776589039834,59204,Not Shared DB,0,OK,Thread Group 1-901,text,true,,13,0,37,37,null,0,0,0
1776589039657,59385,Not Shared DB,0,OK,Thread Group 1-881,text,true,,13,0,36,36,null,0,0,0
1776589040078,58973,Not Shared DB,0,OK,Thread Group 1-984,text,true,,13,0,35,35,null,0,0,0
1776589040008,59038,Not Shared DB,0,OK,Thread Group 1-965,text,true,,13,0,34,34,null,0,0,0
1776589039847,59195,Not Shared DB,0,OK,Thread Group 1-914,text,true,,13,0,33,33,null,0,0,0
1776589039805,59257,Not Shared DB,0,OK,Thread Group 1-899,text,true,,13,0,32,32,null,0,0,0
1776589039783,59256,Not Shared DB,0,OK,Thread Group 1-884,text,true,,13,0,31,31,null,0,0,0
1776589039967,59073,Not Shared DB,0,OK,Thread Group 1-934,text,true,,13,0,30,30,null,0,0,0
1776589040065,59009,Not Shared DB,0,OK,Thread Group 1-998,text,true,,13,0,29,29,null,0,0,0
1776589040051,59040,Not Shared DB,0,OK,Thread Group 1-978,text,true,,13,0,28,28,null,0,0,0
1776589039676,59422,Not Shared DB,0,OK,Thread Group 1-880,text,true,,13,0,27,27,null,0,0,0
1776589039734,59359,Not Shared DB,0,OK,Thread Group 1-923,text,true,,13,0,26,26,null,0,0,0
1776589039735,59376,Not Shared DB,0,OK,Thread Group 1-895,text,true,,13,0,25,25,null,0,0,0
1776589040168,58925,Not Shared DB,0,OK,Thread Group 1-991,text,true,,13,0,24,24,null,0,0,0
1776589040122,59004,Not Shared DB,0,OK,Thread Group 1-968,text,true,,13,0,23,23,null,0,0,0
1776589039797,59339,Not Shared DB,0,OK,Thread Group 1-905,text,true,,13,0,22,22,null,0,0,0
1776589039957,59191,Not Shared DB,0,OK,Thread Group 1-974,text,true,,13,0,21,21,null,0,0,0
1776589040001,59137,Not Shared DB,0,OK,Thread Group 1-967,text,true,,13,0,20,20,null,0,0,0
1776589039994,59145,Not Shared DB,0,OK,Thread Group 1-977,text,true,,13,0,19,19,null,0,0,0
1776589039888,59289,Not Shared DB,0,OK,Thread Group 1-917,text,true,,13,0,19,19,null,0,0,0
1776589040116,59058,Not Shared DB,0,OK,Thread Group 1-986,text,true,,13,0,19,19,null,0,0,0
1776589039818,59363,Not Shared DB,0,OK,Thread Group 1-926,text,true,,13,0,19,19,null,0,0,0
1776589040006,59181,Not Shared DB,0,OK,Thread Group 1-945,text,true,,13,0,19,19,null,0,0,0
1776589039999,59192,Not Shared DB,0,OK,Thread Group 1-954,text,true,,13,0,19,19,null,0,0,0
1776589040062,59132,Not Shared DB,0,OK,Thread Group 1-969,text,true,,13,0,19,19,null,0,0,0
1776589040083,59122,Not Shared DB,0,OK,Thread Group 1-962,text,true,,13,0,19,19,null,0,0,0
1776589039727,59481,Not Shared DB,0,OK,Thread Group 1-891,text,true,,13,0,19,19,null,0,0,0
1776589040194,59019,Not Shared DB,0,OK,Thread Group 1-982,text,true,,13,0,19,19,null,0,0,0
1776589040201,59024,Not Shared DB,0,OK,Thread Group 1-990,text,true,,13,0,9,9,null,0,0,0
1776589039837,59391,Not Shared DB,0,OK,Thread Group 1-928,text,true,,13,0,8,8,null,0,0,0
1776589040003,59232,Not Shared DB,0,OK,Thread Group 1-953,text,true,,13,0,7,7,null,0,0,0
1776589040220,59018,Not Shared DB,0,OK,Thread Group 1-988,text,true,,13,0,6,6,null,0,0,0
1776589039871,59367,Not Shared DB,0,OK,Thread Group 1-948,text,true,,13,0,6,6,null,0,0,0
1776589039965,59273,Not Shared DB,0,OK,Thread Group 1-931,text,true,,13,0,5,5,null,0,0,0
1776589040152,59087,Not Shared DB,0,OK,Thread Group 1-976,text,true,,13,0,3,3,null,0,0,0
1776589039622,59619,Not Shared DB,0,OK,Thread Group 1-853,text,true,,13,0,2,2,null,0,0,0
1776589040050,59200,Not Shared DB,0,OK,Thread Group 1-959,text,true,,13,0,1,1,null,0,0,0
