1776589529448,4320,Shared DB,0,OK,Thread Group 1-13,text,true,,17,0,298,298,null,0,0,0
1776589529478,4730,Shared DB,0,OK,Thread Group 1-19,text,true,,17,0,304,304,null,0,0,0
1776589529457,5834,Shared DB,0,OK,Thread Group 1-15,text,true,,17,0,325,325,null,0,0,0
1776589529432,7141,Shared DB,0,OK,Thread Group 1-10,text,true,,17,0,352,352,null,0,0,0
1776589529388,7467,Shared DB,0,OK,Thread Group 1-1,text,true,,17,0,359,359,null,0,0,0
1776589529452,8916,Shared DB,0,OK,Thread Group 1-14,text,true,,17,0,388,388,null,0,0,0
1776589529483,9978,Shared DB,0,OK,Thread Group 1-20,text,true,,17,0,406,406,null,0,0,0
1776589529397,11082,Shared DB,0,OK,Thread Group 1-3,text,true,,17,0,423,423,null,0,0,0
1776589529472,12336,Shared DB,0,OK,Thread Group 1-18,text,true,,17,0,441,441,null,0,0,0
1776589529467,12351,Shared DB,0,OK,Thread Group 1-17,text,true,,17,0,440,440,null,0,0,0
1776589529417,13135,Shared DB,0,OK,Thread Group 1-7,text,true,,17,0,451,451,null,0,0,0
1776589529411,13274,Shared DB,0,OK,Thread Group 1-6,text,true,,17,0,453,453,null,0,0,0
1776589529499,13922,Shared DB,0,OK,Thread Group 1-23,text,true,,17,0,462,462,null,0,0,0
1776589529442,15482,Shared DB,0,OK,Thread Group 1-12,text,true,,17,0,479,479,null,0,0,0
1776589529402,15569,Shared DB,0,OK,Thread Group 1-4,text,true,,17,0,479,479,null,0,0,0
1776589529487,15603,Shared DB,0,OK,Thread Group 1-21,text,true,,17,0,480,480,null,0,0,0
1776589529407,15966,Shared DB,0,OK,Thread Group 1-5,text,true,,17,0,483,483,null,0,0,0
1776589529503,16135,Shared DB,0,OK,Thread Group 1-24,text,true,,17,0,486,486,null,0,0,0
1776589529512,16306,Shared DB,0,OK,Thread Group 1-26,text,true,,17,0,488,488,null,0,0,0
1776589529392,16455,Shared DB,0,OK,Thread Group 1-2,text,true,,17,0,487,487,null,0,0,0
1776589529421,16428,Shared DB,0,OK,Thread Group 1-8,text,true,,17,0,486,486,null,0,0,0
1776589529508,16366,Shared DB,0,OK,Thread Group 1-25,text,true,,17,0,486,486,null,0,0,0
1776589529427,17115,Shared DB,0,OK,Thread Group 1-9,text,true,,17,0,493,493,null,0,0,0
1776589529462,17643,Shared DB,0,OK,Thread Group 1-16,text,true,,17,0,500,500,null,0,0,0
1776589529493,19089,Shared DB,0,OK,Thread Group 1-22,text,true,,17,0,519,519,null,0,0,0
1776589529437,20362,Shared DB,0,OK,Thread Group 1-11,text,true,,17,0,541,541,null,0,0,0
1776589529517,22640,Shared DB,0,OK,Thread Group 1-27,text,true,,17,0,580,580,null,0,0,0
1776589529522,23316,Shared DB,0,OK,Thread Group 1-28,text,true,,17,0,589,589,null,0,0,0
1776589529527,26640,Shared DB,0,OK,Thread Group 1-29,text,true,,17,0,632,632,null,0,0,0
1776589529531,33958,Shared DB,0,OK,Thread Group 1-30,text,true,,17,0,737,737,null,0,0,0
1776589529538,35684,Shared DB,0,OK,Thread Group 1-31,text,true,,17,0,757,757,null,0,0,0
1776589529543,39692,Shared DB,0,OK,Thread Group 1-32,text,true,,17,0,804,804,null,0,0,0
1776589529547,45335,Shared DB,0,OK,Thread Group 1-33,text,true,,17,0,879,879,null,0,0,0
1776589529553,48037,Shared DB,0,OK,Thread Group 1-34,text,true,,17,0,912,912,null,0,0,0
1776589529558,48469,Shared DB,0,OK,Thread Group 1-35,text,true,,17,0,916,916,null,0,0,0
1776589529562,48517,Shared DB,0,OK,Thread Group 1-36,text,true,,17,0,916,916,null,0,0,0
1776589529567,48530,Shared DB,0,OK,Thread Group 1-37,text,true,,17,0,915,915,null,0,0,0
1776589529571,48578,Shared DB,0,OK,Thread Group 1-38,text,true,,17,0,915,915,null,0,0,0
1776589529577,48632,Shared DB,0,OK,Thread Group 1-39,text,true,,17,0,914,914,null,0,0,0
1776589529581,49129,Shared DB,0,OK,Thread Group 1-40,text,true,,17,0,920,920,null,0,0,0
1776589529587,49161,Shared DB,0,OK,Thread Group 1-41,text,true,,17,0,920,920,null,0,0,0
1776589529592,49221,Shared DB,0,OK,Thread Group 1-42,text,true,,17,0,920,920,null,0,0,0
1776589529600,49270,Shared DB,0,OK,Thread Group 1-43,text,true,,17,0,920,920,null,0,0,0
1776589529602,49339,Shared DB,0,OK,Thread Group 1-44,text,true,,17,0,919,919,null,0,0,0
1776589529607,49484,Shared DB,0,OK,Thread Group 1-45,text,true,,17,0,922,922,null,0,0,0
1776589529612,49655,Shared DB,0,OK,Thread Group 1-46,text,true,,17,0,922,922,null,0,0,0
1776589529616,49726,Shared DB,0,OK,Thread Group 1-47,text,true,,17,0,922,922,null,0,0,0
1776589529622,49800,Shared DB,0,OK,Thread Group 1-48,text,true,,17,0,924,924,null,0,0,0
1776589529627,49913,Shared DB,0,OK,Thread Group 1-49,text,true,,17,0,923,923,null,0,0,0
1776589529634,49999,Shared DB,0,OK,Thread Group 1-50,text,true,,17,0,922,922,null,0,0,0
1776589529638,50122,Shared DB,0,OK,Thread Group 1-51,text,true,,17,0,921,921,null,0,0,0
1776589529642,50168,Shared DB,0,OK,Thread Group 1-52,text,true,,17,0,920,920,null,0,0,0
1776589529648,50188,Shared DB,0,OK,Thread Group 1-53,text,true,,17,0,920,920,null,0,0,0
1776589529654,50207,Shared DB,0,OK,Thread Group 1-54,text,true,,17,0,919,919,null,0,0,0
1776589529658,50251,Shared DB,0,OK,Thread Group 1-55,text,true,,17,0,918,918,null,0,0,0
1776589529663,50268,Shared DB,0,OK,Thread Group 1-56,text,true,,17,0,917,917,null,0,0,0
1776589529668,50312,Shared DB,0,OK,Thread Group 1-57,text,true,,17,0,916,916,null,0,0,0
1776589529672,50755,Shared DB,0,OK,Thread Group 1-58,text,true,,17,0,920,920,null,0,0,0
1776589529677,50854,Shared DB,0,OK,Thread Group 1-59,text,true,,17,0,919,919,null,0,0,0
1776589529694,50996,Shared DB,0,OK,Thread Group 1-62,text,true,,17,0,923,923,null,0,0,0
1776589529683,51009,Shared DB,0,OK,Thread Group 1-60,text,true,,17,0,924,924,null,0,0,0
1776589529687,51007,Shared DB,0,OK,Thread Group 1-61,text,true,,17,0,923,923,null,0,0,0
1776589529697,51498,Shared DB,0,OK,Thread Group 1-63,text,true,,17,0,925,925,null,0,0,0
1776589529703,51760,Shared DB,0,OK,Thread Group 1-64,text,true,,17,0,926,926,null,0,0,0
1776589529713,51804,Shared DB,0,OK,Thread Group 1-66,text,true,,17,0,926,926,null,0,0,0
1776589529716,51822,Shared DB,0,OK,Thread Group 1-67,text,true,,17,0,925,925,null,0,0,0
1776589529722,51845,Shared DB,0,OK,Thread Group 1-68,text,true,,17,0,924,924,null,0,0,0
1776589529727,51888,Shared DB,0,OK,Thread Group 1-69,text,true,,17,0,923,923,null,0,0,0
1776589529731,52290,Shared DB,0,OK,Thread Group 1-70,text,true,,17,0,928,928,null,0,0,0
1776589529738,52360,Shared DB,0,OK,Thread Group 1-71,text,true,,17,0,927,927,null,0,0,0
1776589529742,52432,Shared DB,0,OK,Thread Group 1-72,text,true,,17,0,927,927,null,0,0,0
1776589529746,52469,Shared DB,0,OK,Thread Group 1-73,text,true,,17,0,926,926,null,0,0,0
1776589529752,52532,Shared DB,0,OK,Thread Group 1-74,text,true,,17,0,927,927,null,0,0,0
1776589529758,52562,Shared DB,0,OK,Thread Group 1-75,text,true,,17,0,926,926,null,0,0,0
1776589529762,52561,Shared DB,0,OK,Thread Group 1-76,text,true,,17,0,925,925,null,0,0,0
1776589529767,52583,Shared DB,0,OK,Thread Group 1-77,text,true,,17,0,924,924,null,0,0,0
1776589529774,52638,Shared DB,0,OK,Thread Group 1-78,text,true,,17,0,925,925,null,0,0,0
1776589529779,53513,Shared DB,0,OK,Thread Group 1-79,text,true,,17,0,923,923,null,0,0,0
1776589529783,53732,Shared DB,0,OK,Thread Group 1-80,text,true,,17,0,922,922,null,0,0,0
1776589529789,53826,Shared DB,0,OK,Thread Group 1-81,text,true,,17,0,921,921,null,0,0,0
1776589529794,53902,Shared DB,0,OK,Thread Group 1-82,text,true,,17,0,920,920,null,0,0,0
1776589529800,54042,Shared DB,0,OK,Thread Group 1-83,text,true,,17,0,919,919,null,0,0,0
1776589529804,54088,Shared DB,0,OK,Thread Group 1-84,text,true,,17,0,918,918,null,0,0,0
1776589529809,54122,Shared DB,0,OK,Thread Group 1-85,text,true,,17,0,917,917,null,0,0,0
1776589529814,54206,Shared DB,0,OK,Thread Group 1-86,text,true,,17,0,916,916,null,0,0,0
1776589529819,54351,Shared DB,0,OK,Thread Group 1-87,text,true,,17,0,915,915,null,0,0,0
1776589529823,54434,Shared DB,0,OK,Thread Group 1-88,text,true,,17,0,914,914,null,0,0,0
1776589529828,54491,Shared DB,0,OK,Thread Group 1-89,text,true,,17,0,913,913,null,0,0,0
1776589529833,54556,Shared DB,0,OK,Thread Group 1-90,text,true,,17,0,912,912,null,0,0,0
1776589529839,54577,Shared DB,0,OK,Thread Group 1-91,text,true,,17,0,911,911,null,0,0,0
1776589529844,54595,Shared DB,0,OK,Thread Group 1-92,text,true,,17,0,910,910,null,0,0,0
1776589529848,54613,Shared DB,0,OK,Thread Group 1-93,text,true,,17,0,910,910,null,0,0,0
1776589529853,54642,Shared DB,0,OK,Thread Group 1-94,text,true,,17,0,908,908,null,0,0,0
1776589529859,54650,Shared DB,0,OK,Thread Group 1-95,text,true,,17,0,907,907,null,0,0,0
1776589529863,54673,Shared DB,0,OK,Thread Group 1-96,text,true,,17,0,906,906,null,0,0,0
1776589529873,54719,Shared DB,0,OK,Thread Group 1-98,text,true,,17,0,905,905,null,0,0,0
1776589529877,55183,Shared DB,0,OK,Thread Group 1-99,text,true,,17,0,904,904,null,0,0,0
1776589529885,55275,Shared DB,0,OK,Thread Group 1-100,text,true,,17,0,903,903,null,0,0,0
1776589529888,55336,Shared DB,0,OK,Thread Group 1-101,text,true,,17,0,902,902,null,0,0,0
1776589529894,55370,Shared DB,0,OK,Thread Group 1-102,text,true,,17,0,901,901,null,0,0,0
1776589529897,55383,Shared DB,0,OK,Thread Group 1-103,text,true,,17,0,900,900,null,0,0,0
1776589529906,55413,Shared DB,0,OK,Thread Group 1-104,text,true,,17,0,899,899,null,0,0,0
1776589529907,55413,Shared DB,0,OK,Thread Group 1-105,text,true,,17,0,899,899,null,0,0,0
1776589529914,55425,Shared DB,0,OK,Thread Group 1-106,text,true,,17,0,897,897,null,0,0,0
1776589529919,55682,Shared DB,0,OK,Thread Group 1-107,text,true,,17,0,896,896,null,0,0,0
1776589529923,55743,Shared DB,0,OK,Thread Group 1-108,text,true,,17,0,895,895,null,0,0,0
1776589529929,55759,Shared DB,0,OK,Thread Group 1-109,text,true,,17,0,894,894,null,0,0,0
1776589529933,55804,Shared DB,0,OK,Thread Group 1-110,text,true,,17,0,893,893,null,0,0,0
1776589529938,55817,Shared DB,0,OK,Thread Group 1-111,text,true,,17,0,892,892,null,0,0,0
1776589529946,55844,Shared DB,0,OK,Thread Group 1-112,text,true,,17,0,891,891,null,0,0,0
1776589529952,56404,Shared DB,0,OK,Thread Group 1-113,text,true,,17,0,890,890,null,0,0,0
1776589529956,56538,Shared DB,0,OK,Thread Group 1-114,text,true,,17,0,889,889,null,0,0,0
1776589529961,56671,Shared DB,0,OK,Thread Group 1-115,text,true,,17,0,888,888,null,0,0,0
1776589529964,56712,Shared DB,0,OK,Thread Group 1-116,text,true,,17,0,887,887,null,0,0,0
1776589529968,56778,Shared DB,0,OK,Thread Group 1-117,text,true,,17,0,886,886,null,0,0,0
1776589529976,56890,Shared DB,0,OK,Thread Group 1-118,text,true,,17,0,885,885,null,0,0,0
1776589529980,57054,Shared DB,0,OK,Thread Group 1-119,text,true,,17,0,884,884,null,0,0,0
1776589529985,57154,Shared DB,0,OK,Thread Group 1-120,text,true,,17,0,883,883,null,0,0,0
1776589529991,57198,Shared DB,0,OK,Thread Group 1-121,text,true,,17,0,882,882,null,0,0,0
1776589529997,57243,Shared DB,0,OK,Thread Group 1-123,text,true,,17,0,881,881,null,0,0,0
1776589530004,57774,Shared DB,0,OK,Thread Group 1-124,text,true,,17,0,880,880,null,0,0,0
1776589530018,57884,Shared DB,0,OK,Thread Group 1-127,text,true,,17,0,879,879,null,0,0,0
1776589530024,58257,Shared DB,0,OK,Thread Group 1-128,text,true,,17,0,878,878,null,0,0,0
1776589530029,58409,Shared DB,0,OK,Thread Group 1-129,text,true,,17,0,877,877,null,0,0,0
1776589530032,58569,Shared DB,0,OK,Thread Group 1-130,text,true,,17,0,876,876,null,0,0,0
1776589530037,58615,Shared DB,0,OK,Thread Group 1-131,text,true,,17,0,875,875,null,0,0,0
1776589530044,58608,Shared DB,0,OK,Thread Group 1-132,text,true,,17,0,875,875,null,0,0,0
1776589530051,58675,Shared DB,0,OK,Thread Group 1-133,text,true,,17,0,873,873,null,0,0,0
1776589530055,58742,Shared DB,0,OK,Thread Group 1-134,text,true,,17,0,872,872,null,0,0,0
1776589530062,58849,Shared DB,0,OK,Thread Group 1-135,text,true,,17,0,871,871,null,0,0,0
1776589530064,58899,Shared DB,0,OK,Thread Group 1-136,text,true,,17,0,870,870,null,0,0,0
1776589530071,58966,Shared DB,0,OK,Thread Group 1-137,text,true,,17,0,869,869,null,0,0,0
1776589530014,59132,Shared DB,0,OK,Thread Group 1-126,text,true,,17,0,868,868,null,0,0,0
1776589529994,59280,Shared DB,0,OK,Thread Group 1-122,text,true,,17,0,867,867,null,0,0,0
1776589530081,59238,Shared DB,0,OK,Thread Group 1-139,text,true,,17,0,866,866,null,0,0,0
1776589530084,59349,Shared DB,0,OK,Thread Group 1-140,text,true,,17,0,865,865,null,0,0,0
1776589530099,59590,Shared DB,0,OK,Thread Group 1-143,text,true,,17,0,864,864,null,0,0,0
1776589530106,59630,Shared DB,0,OK,Thread Group 1-144,text,true,,17,0,863,863,null,0,0,0
1776589530111,59641,Shared DB,0,OK,Thread Group 1-145,text,true,,17,0,862,862,null,0,0,0
1776589530115,59670,Shared DB,0,OK,Thread Group 1-146,text,true,,17,0,861,861,null,0,0,0
1776589530119,60032,Shared DB,0,OK,Thread Group 1-147,text,true,,17,0,860,860,null,0,0,0
1776589530132,60165,Shared DB,0,OK,Thread Group 1-149,text,true,,17,0,859,859,null,0,0,0
1776589530135,60262,Shared DB,0,OK,Thread Group 1-148,text,true,,17,0,858,858,null,0,0,0
1776589530144,60601,Shared DB,0,OK,Thread Group 1-151,text,true,,17,0,857,857,null,0,0,0
1776589530148,60830,Shared DB,0,OK,Thread Group 1-153,text,true,,17,0,856,856,null,0,0,0
1776589530156,60836,Shared DB,0,OK,Thread Group 1-154,text,true,,17,0,855,855,null,0,0,0
1776589530165,60856,Shared DB,0,OK,Thread Group 1-155,text,true,,17,0,854,854,null,0,0,0
1776589530168,60877,Shared DB,0,OK,Thread Group 1-157,text,true,,17,0,853,853,null,0,0,0
1776589530168,61034,Shared DB,0,OK,Thread Group 1-156,text,true,,17,0,852,852,null,0,0,0
1776589530178,61091,Shared DB,0,OK,Thread Group 1-158,text,true,,17,0,851,851,null,0,0,0
1776589530184,61107,Shared DB,0,OK,Thread Group 1-159,text,true,,17,0,850,850,null,0,0,0
1776589530193,61177,Shared DB,0,OK,Thread Group 1-161,text,true,,17,0,849,849,null,0,0,0
1776589530202,61543,Shared DB,0,OK,Thread Group 1-163,text,true,,17,0,848,848,null,0,0,0
1776589530207,61668,Shared DB,0,OK,Thread Group 1-164,text,true,,17,0,847,847,null,0,0,0
1776589530214,61754,Shared DB,0,OK,Thread Group 1-166,text,true,,17,0,846,846,null,0,0,0
1776589530216,61841,Shared DB,0,OK,Thread Group 1-165,text,true,,17,0,845,845,null,0,0,0
1776589530222,62118,Shared DB,0,OK,Thread Group 1-167,text,true,,17,0,844,844,null,0,0,0
1776589530227,62244,Shared DB,0,OK,Thread Group 1-168,text,true,,17,0,843,843,null,0,0,0
1776589530231,62296,Shared DB,0,OK,Thread Group 1-169,text,true,,17,0,842,842,null,0,0,0
1776589530231,62703,Shared DB,0,OK,Thread Group 1-170,text,true,,17,0,841,841,null,0,0,0
1776589530239,62785,Shared DB,0,OK,Thread Group 1-171,text,true,,17,0,840,840,null,0,0,0
1776589530252,62827,Shared DB,0,OK,Thread Group 1-173,text,true,,17,0,839,839,null,0,0,0
1776589530271,63117,Shared DB,0,OK,Thread Group 1-177,text,true,,17,0,838,838,null,0,0,0
1776589530277,63884,Shared DB,0,OK,Thread Group 1-178,text,true,,17,0,837,837,null,0,0,0
1776589530282,63882,Shared DB,0,OK,Thread Group 1-179,text,true,,17,0,836,836,null,0,0,0
1776589530288,64286,Shared DB,0,OK,Thread Group 1-180,text,true,,17,0,835,835,null,0,0,0
1776589530308,64296,Shared DB,0,OK,Thread Group 1-185,text,true,,17,0,834,834,null,0,0,0
1776589530301,64303,Shared DB,0,OK,Thread Group 1-182,text,true,,17,0,834,834,null,0,0,0
1776589530309,64296,Shared DB,0,OK,Thread Group 1-183,text,true,,17,0,833,833,null,0,0,0
1776589530325,64281,Shared DB,0,OK,Thread Group 1-186,text,true,,17,0,833,833,null,0,0,0
1776589530330,64277,Shared DB,0,OK,Thread Group 1-187,text,true,,17,0,833,833,null,0,0,0
1776589530342,64265,Shared DB,0,OK,Thread Group 1-189,text,true,,17,0,833,833,null,0,0,0
1776589530352,64332,Shared DB,0,OK,Thread Group 1-191,text,true,,17,0,829,829,null,0,0,0
1776589530372,64859,Shared DB,0,OK,Thread Group 1-195,text,true,,17,0,827,827,null,0,0,0
1776589530377,64915,Shared DB,0,OK,Thread Group 1-196,text,true,,17,0,826,826,null,0,0,0
1776589530381,64913,Shared DB,0,OK,Thread Group 1-197,text,true,,17,0,826,826,null,0,0,0
1776589530404,65013,Shared DB,0,OK,Thread Group 1-200,text,true,,17,0,824,824,null,0,0,0
1776589530409,65010,Shared DB,0,OK,Thread Group 1-201,text,true,,17,0,824,824,null,0,0,0
1776589530424,65303,Shared DB,0,OK,Thread Group 1-208,text,true,,17,0,822,822,null,0,0,0
1776589530427,65390,Shared DB,0,OK,Thread Group 1-204,text,true,,17,0,821,821,null,0,0,0
1776589530452,66838,Shared DB,0,OK,Thread Group 1-206,text,true,,17,0,820,820,null,0,0,0
1776589530296,67144,Shared DB,0,OK,Thread Group 1-181,text,true,,17,0,819,819,null,0,0,0
1776589530510,67274,Shared DB,0,OK,Thread Group 1-210,text,true,,17,0,818,818,null,0,0,0
1776589530525,67364,Shared DB,0,OK,Thread Group 1-211,text,true,,17,0,817,817,null,0,0,0
1776589530551,67423,Shared DB,0,OK,Thread Group 1-234,text,true,,17,0,816,816,null,0,0,0
1776589530563,67521,Shared DB,0,OK,Thread Group 1-212,text,true,,17,0,815,815,null,0,0,0
1776589530645,67556,Shared DB,0,OK,Thread Group 1-214,text,true,,17,0,814,814,null,0,0,0
1776589530688,68001,Shared DB,0,OK,Thread Group 1-215,text,true,,17,0,813,813,null,0,0,0
1776589530744,68147,Shared DB,0,OK,Thread Group 1-217,text,true,,17,0,812,812,null,0,0,0
1776589530816,68146,Shared DB,0,OK,Thread Group 1-220,text,true,,17,0,811,811,null,0,0,0
1776589530823,68162,Shared DB,0,OK,Thread Group 1-286,text,true,,17,0,810,810,null,0,0,0
1776589530879,68176,Shared DB,0,OK,Thread Group 1-221,text,true,,17,0,809,809,null,0,0,0
1776589530915,68185,Shared DB,0,OK,Thread Group 1-222,text,true,,17,0,808,808,null,0,0,0
1776589530968,68172,Shared DB,0,OK,Thread Group 1-224,text,true,,17,0,807,807,null,0,0,0
1776589531034,68134,Shared DB,0,OK,Thread Group 1-227,text,true,,17,0,806,806,null,0,0,0
1776589531111,68059,Shared DB,0,OK,Thread Group 1-230,text,true,,17,0,806,806,null,0,0,0
1776589531201,67994,Shared DB,0,OK,Thread Group 1-232,text,true,,17,0,804,804,null,0,0,0
1776589531431,68597,Shared DB,0,OK,Thread Group 1-236,text,true,,17,0,803,803,null,0,0,0
1776589531451,68707,Shared DB,0,OK,Thread Group 1-237,text,true,,17,0,802,802,null,0,0,0
1776589531519,68827,Shared DB,0,OK,Thread Group 1-239,text,true,,17,0,801,801,null,0,0,0
1776589531552,69078,Shared DB,0,OK,Thread Group 1-242,text,true,,17,0,800,800,null,0,0,0
1776589531568,69098,Shared DB,0,OK,Thread Group 1-243,text,true,,17,0,799,799,null,0,0,0
1776589531602,69074,Shared DB,0,OK,Thread Group 1-244,text,true,,17,0,798,798,null,0,0,0
1776589531684,69492,Shared DB,0,OK,Thread Group 1-249,text,true,,17,0,797,797,null,0,0,0
1776589530375,71282,Shared DB,0,OK,Thread Group 1-184,text,true,,17,0,796,796,null,0,0,0
1776589531916,70174,Shared DB,0,OK,Thread Group 1-257,text,true,,17,0,795,795,null,0,0,0
1776589531952,70183,Shared DB,0,OK,Thread Group 1-258,text,true,,17,0,794,794,null,0,0,0
1776589529708,74752,Shared DB,0,OK,Thread Group 1-65,text,true,,17,0,793,793,null,0,0,0
1776589529866,74991,Shared DB,0,OK,Thread Group 1-97,text,true,,17,0,792,792,null,0,0,0
1776589530145,75301,Shared DB,0,OK,Thread Group 1-152,text,true,,17,0,791,791,null,0,0,0
1776589531655,75168,Shared DB,0,OK,Thread Group 1-248,text,true,,17,0,790,790,null,0,0,0
1776589534514,89396,Shared DB,0,OK,Thread Group 1-312,text,true,,17,0,789,789,null,0,0,0
1776589534884,89045,Shared DB,0,OK,Thread Group 1-318,text,true,,17,0,789,789,null,0,0,0
1776589533228,90690,Shared DB,0,OK,Thread Group 1-288,text,true,,17,0,789,789,null,0,0,0
1776589531796,92111,Shared DB,0,OK,Thread Group 1-252,text,true,,17,0,789,789,null,0,0,0
1776589535754,88166,Shared DB,0,OK,Thread Group 1-339,text,true,,17,0,789,789,null,0,0,0
1776589531307,92615,Shared DB,0,OK,Thread Group 1-233,text,true,,17,0,789,789,null,0,0,0
1776589536955,86962,Shared DB,0,OK,Thread Group 1-369,text,true,,17,0,789,789,null,0,0,0
1776589532803,91121,Shared DB,0,OK,Thread Group 1-280,text,true,,17,0,789,789,null,0,0,0
1776589532466,91465,Shared DB,0,OK,Thread Group 1-272,text,true,,17,0,789,789,null,0,0,0
1776589532643,91295,Shared DB,0,OK,Thread Group 1-276,text,true,,17,0,789,789,null,0,0,0
1776589533644,90300,Shared DB,0,OK,Thread Group 1-296,text,true,,17,0,789,789,null,0,0,0
1776589532674,91277,Shared DB,0,OK,Thread Group 1-277,text,true,,17,0,789,789,null,0,0,0
1776589533186,90770,Shared DB,0,OK,Thread Group 1-287,text,true,,17,0,789,789,null,0,0,0
1776589533925,90035,Shared DB,0,OK,Thread Group 1-301,text,true,,17,0,789,789,null,0,0,0
1776589534385,89576,Shared DB,0,OK,Thread Group 1-309,text,true,,17,0,789,789,null,0,0,0
1776589534194,89769,Shared DB,0,OK,Thread Group 1-305,text,true,,17,0,789,789,null,0,0,0
1776589532387,91582,Shared DB,0,OK,Thread Group 1-270,text,true,,17,0,789,789,null,0,0,0
1776589532170,91800,Shared DB,0,OK,Thread Group 1-265,text,true,,17,0,789,789,null,0,0,0
1776589533785,90185,Shared DB,0,OK,Thread Group 1-299,text,true,,17,0,789,789,null,0,0,0
1776589532337,91645,Shared DB,0,OK,Thread Group 1-269,text,true,,17,0,789,789,null,0,0,0
1776589552574,78119,Shared DB,1,OK,Thread Group 1-612,text,true,,452,0,769,769,null,0,0,0
1776589555361,76524,Shared DB,1,OK,Thread Group 1-648,text,true,,452,0,768,768,null,0,0,0
1776589535871,96551,Shared DB,1,OK,Thread Group 1-342,text,true,,236,0,767,767,null,0,0,0
1776589553615,78841,Shared DB,1,OK,Thread Group 1-627,text,true,,236,0,766,766,null,0,0,0
1776589544260,88537,Shared DB,1,OK,Thread Group 1-484,text,true,,452,0,765,765,null,0,0,0
1776589552064,80845,Shared DB,1,OK,Thread Group 1-605,text,true,,236,0,764,764,null,0,0,0
1776589552333,80652,Shared DB,1,OK,Thread Group 1-608,text,true,,236,0,763,763,null,0,0,0
1776589556323,76712,Shared DB,1,OK,Thread Group 1-662,text,true,,236,0,762,762,null,0,0,0
1776589543928,89601,Shared DB,1,OK,Thread Group 1-480,text,true,,452,0,761,761,null,0,0,0
1776589557581,76251,Shared DB,1,OK,Thread Group 1-683,text,true,,452,0,760,760,null,0,0,0
1776589531641,102386,Shared DB,1,OK,Thread Group 1-247,text,true,,452,0,759,759,null,0,0,0
1776589553243,80927,Shared DB,1,OK,Thread Group 1-622,text,true,,236,0,758,758,null,0,0,0
1776589540240,94285,Shared DB,1,OK,Thread Group 1-426,text,true,,236,0,757,757,null,0,0,0
1776589555108,79539,Shared DB,1,OK,Thread Group 1-644,text,true,,452,0,756,756,null,0,0,0
1776589534983,100112,Shared DB,1,OK,Thread Group 1-320,text,true,,236,0,755,755,null,0,0,0
1776589546193,89147,Shared DB,1,OK,Thread Group 1-512,text,true,,452,0,754,754,null,0,0,0
1776589549682,86151,Shared DB,1,OK,Thread Group 1-563,text,true,,236,0,753,753,null,0,0,0
1776589536811,99050,Shared DB,1,OK,Thread Group 1-363,text,true,,236,0,752,752,null,0,0,0
1776589531970,103974,Shared DB,1,OK,Thread Group 1-259,text,true,,452,0,751,751,null,0,0,0
1776589555427,80579,Shared DB,1,OK,Thread Group 1-649,text,true,,236,0,750,750,null,0,0,0
1776589545918,90234,Shared DB,1,OK,Thread Group 1-508,text,true,,452,0,749,749,null,0,0,0
1776589551131,85109,Shared DB,1,OK,Thread Group 1-587,text,true,,452,0,748,748,null,0,0,0
1776589552495,83815,Shared DB,1,OK,Thread Group 1-610,text,true,,236,0,747,747,null,0,0,0
1776589539086,97230,Shared DB,1,OK,Thread Group 1-404,text,true,,452,0,746,746,null,0,0,0
1776589530797,105560,Shared DB,1,OK,Thread Group 1-219,text,true,,236,0,745,745,null,0,0,0
1776589549919,86479,Shared DB,1,OK,Thread Group 1-568,text,true,,452,0,744,744,null,0,0,0
1776589530362,106066,Shared DB,1,OK,Thread Group 1-193,text,true,,236,0,743,743,null,0,0,0
1776589554569,82044,Shared DB,1,OK,Thread Group 1-639,text,true,,452,0,742,742,null,0,0,0
1776589546945,89767,Shared DB,1,OK,Thread Group 1-522,text,true,,452,0,741,741,null,0,0,0
1776589549810,86940,Shared DB,1,OK,Thread Group 1-567,text,true,,452,0,740,740,null,0,0,0
1776589546333,90421,Shared DB,1,OK,Thread Group 1-514,text,true,,452,0,739,739,null,0,0,0
1776589555857,80908,Shared DB,1,OK,Thread Group 1-655,text,true,,452,0,738,738,null,0,0,0
1776589554261,82553,Shared DB,1,OK,Thread Group 1-635,text,true,,452,0,737,737,null,0,0,0
1776589546446,90446,Shared DB,1,OK,Thread Group 1-515,text,true,,452,0,736,736,null,0,0,0
1776589541222,95696,Shared DB,1,OK,Thread Group 1-441,text,true,,236,0,735,735,null,0,0,0
1776589554069,82874,Shared DB,1,OK,Thread Group 1-632,text,true,,236,0,734,734,null,0,0,0
1776589547024,89937,Shared DB,1,OK,Thread Group 1-523,text,true,,452,0,733,733,null,0,0,0
1776589545055,91959,Shared DB,1,OK,Thread Group 1-495,text,true,,452,0,732,732,null,0,0,0
1776589535625,101402,Shared DB,1,OK,Thread Group 1-335,text,true,,452,0,731,731,null,0,0,0
1776589535098,101960,Shared DB,1,OK,Thread Group 1-322,text,true,,452,0,730,730,null,0,0,0
1776589540437,96764,Shared DB,1,OK,Thread Group 1-429,text,true,,452,0,729,729,null,0,0,0
1776589532863,104442,Shared DB,1,OK,Thread Group 1-282,text,true,,452,0,728,728,null,0,0,0
1776589553410,83893,Shared DB,1,OK,Thread Group 1-624,text,true,,452,0,728,728,null,0,0,0
1776589544407,93217,Shared DB,1,OK,Thread Group 1-486,text,true,,452,0,726,726,null,0,0,0
1776589556857,81045,Shared DB,1,OK,Thread Group 1-672,text,true,,452,0,725,725,null,0,0,0
1776589555999,82289,Shared DB,1,OK,Thread Group 1-658,text,true,,452,0,724,724,null,0,0,0
1776589557308,80985,Shared DB,1,OK,Thread Group 1-679,text,true,,452,0,723,723,null,0,0,0
1776589551236,87089,Shared DB,1,OK,Thread Group 1-591,text,true,,452,0,722,722,null,0,0,0
1776589552423,85911,Shared DB,1,OK,Thread Group 1-609,text,true,,452,0,721,721,null,0,0,0
1776589548812,89532,Shared DB,1,OK,Thread Group 1-549,text,true,,452,0,720,720,null,0,0,0
1776589541478,96867,Shared DB,1,OK,Thread Group 1-444,text,true,,452,0,720,720,null,0,0,0
1776589555175,83264,Shared DB,1,OK,Thread Group 1-645,text,true,,452,0,718,718,null,0,0,0
1776589539828,98798,Shared DB,1,OK,Thread Group 1-419,text,true,,452,0,717,717,null,0,0,0
1776589556155,83011,Shared DB,1,OK,Thread Group 1-660,text,true,,452,0,716,716,null,0,0,0
1776589540475,98724,Shared DB,1,OK,Thread Group 1-430,text,true,,452,0,715,715,null,0,0,0
1776589551732,87600,Shared DB,1,OK,Thread Group 1-598,text,true,,452,0,714,714,null,0,0,0
1776589554207,85126,Shared DB,1,OK,Thread Group 1-634,text,true,,452,0,714,714,null,0,0,0
1776589538902,100571,Shared DB,1,OK,Thread Group 1-401,text,true,,452,0,712,712,null,0,0,0
1776589545804,94447,Shared DB,1,OK,Thread Group 1-506,text,true,,452,0,711,711,null,0,0,0
1776589543220,97383,Shared DB,1,OK,Thread Group 1-471,text,true,,452,0,710,710,null,0,0,0
1776589535654,105207,Shared DB,1,OK,Thread Group 1-338,text,true,,452,0,709,709,null,0,0,0
1776589543108,97788,Shared DB,1,OK,Thread Group 1-469,text,true,,452,0,708,708,null,0,0,0
1776589538378,102688,Shared DB,1,OK,Thread Group 1-395,text,true,,452,0,707,707,null,0,0,0
1776589560323,80945,Shared DB,1,OK,Thread Group 1-721,text,true,,452,0,706,706,null,0,0,0
1776589542623,98716,Shared DB,1,OK,Thread Group 1-463,text,true,,452,0,705,705,null,0,0,0
1776589546550,94891,Shared DB,1,OK,Thread Group 1-516,text,true,,452,0,704,704,null,0,0,0
1776589557711,83827,Shared DB,1,OK,Thread Group 1-686,text,true,,452,0,703,703,null,0,0,0
1776589545985,95555,Shared DB,1,OK,Thread Group 1-509,text,true,,452,0,703,703,null,0,0,0
1776589553202,88354,Shared DB,1,OK,Thread Group 1-621,text,true,,452,0,701,701,null,0,0,0
1776589556242,85334,Shared DB,1,OK,Thread Group 1-661,text,true,,452,0,700,700,null,0,0,0
1776589557271,84565,Shared DB,1,OK,Thread Group 1-678,text,true,,452,0,699,699,null,0,0,0
1776589539420,103450,Shared DB,1,OK,Thread Group 1-411,text,true,,452,0,698,698,null,0,0,0
1776589558963,84139,Shared DB,1,OK,Thread Group 1-703,text,true,,236,0,697,697,null,0,0,0
1776589554513,88590,Shared DB,1,OK,Thread Group 1-638,text,true,,452,0,696,696,null,0,0,0
1776589558789,84315,Shared DB,1,OK,Thread Group 1-700,text,true,,452,0,696,696,null,0,0,0
1776589540145,103000,Shared DB,1,OK,Thread Group 1-425,text,true,,452,0,694,694,null,0,0,0
1776589544189,98957,Shared DB,1,OK,Thread Group 1-483,text,true,,452,0,694,694,null,0,0,0
1776589532093,111203,Shared DB,1,OK,Thread Group 1-263,text,true,,452,0,692,692,null,0,0,0
1776589538979,104527,Shared DB,0,OK,Thread Group 1-402,text,true,,17,0,691,691,null,0,0,0
1776589531490,112497,Shared DB,0,OK,Thread Group 1-238,text,true,,17,0,690,690,null,0,0,0
1776589542677,101338,Shared DB,1,OK,Thread Group 1-464,text,true,,236,0,690,690,null,0,0,0
1776589531888,112231,Shared DB,0,OK,Thread Group 1-255,text,true,,17,0,688,688,null,0,0,0
1776589530356,113806,Shared DB,0,OK,Thread Group 1-192,text,true,,17,0,687,687,null,0,0,0
1776589545378,98824,Shared DB,0,OK,Thread Group 1-500,text,true,,17,0,686,686,null,0,0,0
1776589534579,109821,Shared DB,0,OK,Thread Group 1-314,text,true,,17,0,685,685,null,0,0,0
1776589532768,111850,Shared DB,0,OK,Thread Group 1-207,text,true,,17,0,684,684,null,0,0,0
1776589532512,112112,Shared DB,0,OK,Thread Group 1-273,text,true,,17,0,683,683,null,0,0,0
1776589549282,95470,Shared DB,0,OK,Thread Group 1-556,text,true,,17,0,682,682,null,0,0,0
1776589533831,110957,Shared DB,0,OK,Thread Group 1-300,text,true,,17,0,681,681,null,0,0,0
1776589536376,108426,Shared DB,0,OK,Thread Group 1-351,text,true,,17,0,680,680,null,0,0,0
1776589531538,113281,Shared DB,0,OK,Thread Group 1-241,text,true,,17,0,679,679,null,0,0,0
1776589540786,104039,Shared DB,0,OK,Thread Group 1-435,text,true,,17,0,678,678,null,0,0,0
1776589541297,103582,Shared DB,0,OK,Thread Group 1-442,text,true,,17,0,677,677,null,0,0,0
1776589531533,113352,Shared DB,0,OK,Thread Group 1-240,text,true,,17,0,676,676,null,0,0,0
1776589535635,109316,Shared DB,0,OK,Thread Group 1-337,text,true,,17,0,675,675,null,0,0,0
1776589542062,103038,Shared DB,0,OK,Thread Group 1-452,text,true,,17,0,674,674,null,0,0,0
1776589530933,114318,Shared DB,0,OK,Thread Group 1-223,text,true,,17,0,673,673,null,0,0,0
1776589547966,97295,Shared DB,0,OK,Thread Group 1-535,text,true,,17,0,672,672,null,0,0,0
1776589544106,101161,Shared DB,0,OK,Thread Group 1-482,text,true,,17,0,671,671,null,0,0,0
1776589536485,108795,Shared DB,0,OK,Thread Group 1-354,text,true,,17,0,670,670,null,0,0,0
1776589545586,99744,Shared DB,0,OK,Thread Group 1-503,text,true,,17,0,669,669,null,0,0,0
1776589530335,114999,Shared DB,0,OK,Thread Group 1-188,text,true,,17,0,668,668,null,0,0,0
1776589530973,114536,Shared DB,0,OK,Thread Group 1-225,text,true,,17,0,667,667,null,0,0,0
1776589531853,113761,Shared DB,0,OK,Thread Group 1-254,text,true,,17,0,666,666,null,0,0,0
1776589532011,113739,Shared DB,0,OK,Thread Group 1-260,text,true,,17,0,665,665,null,0,0,0
1776589541072,104689,Shared DB,0,OK,Thread Group 1-439,text,true,,17,0,664,664,null,0,0,0
1776589538807,107020,Shared DB,0,OK,Thread Group 1-400,text,true,,17,0,663,663,null,0,0,0
1776589548873,96958,Shared DB,0,OK,Thread Group 1-551,text,true,,17,0,662,662,null,0,0,0
1776589535280,110555,Shared DB,0,OK,Thread Group 1-327,text,true,,17,0,661,661,null,0,0,0
1776589548105,97742,Shared DB,0,OK,Thread Group 1-537,text,true,,17,0,660,660,null,0,0,0
1776589541551,104453,Shared DB,0,OK,Thread Group 1-445,text,true,,17,0,659,659,null,0,0,0
1776589540989,105030,Shared DB,0,OK,Thread Group 1-438,text,true,,17,0,658,658,null,0,0,0
1776589533415,112632,Shared DB,0,OK,Thread Group 1-292,text,true,,17,0,657,657,null,0,0,0
1776589549777,96357,Shared DB,0,OK,Thread Group 1-566,text,true,,17,0,656,656,null,0,0,0
1776589534088,112158,Shared DB,0,OK,Thread Group 1-303,text,true,,17,0,655,655,null,0,0,0
1776589534414,111942,Shared DB,0,OK,Thread Group 1-310,text,true,,17,0,654,654,null,0,0,0
1776589544941,101498,Shared DB,0,OK,Thread Group 1-493,text,true,,17,0,653,653,null,0,0,0
1776589541960,104567,Shared DB,0,OK,Thread Group 1-451,text,true,,17,0,652,652,null,0,0,0
1776589535605,110936,Shared DB,0,OK,Thread Group 1-334,text,true,,17,0,651,651,null,0,0,0
1776589551095,95562,Shared DB,0,OK,Thread Group 1-586,text,true,,17,0,650,650,null,0,0,0
1776589562887,83918,Shared DB,1,OK,Thread Group 1-758,text,true,,452,0,649,649,null,0,0,0
1776589536918,110013,Shared DB,0,OK,Thread Group 1-368,text,true,,17,0,648,648,null,0,0,0
1776589545141,101953,Shared DB,0,OK,Thread Group 1-496,text,true,,17,0,647,647,null,0,0,0
1776589548280,98815,Shared DB,0,OK,Thread Group 1-538,text,true,,17,0,646,646,null,0,0,0
1776589538315,108902,Shared DB,0,OK,Thread Group 1-392,text,true,,17,0,645,645,null,0,0,0
1776589542367,104881,Shared DB,0,OK,Thread Group 1-459,text,true,,17,0,644,644,null,0,0,0
1776589544564,102696,Shared DB,0,OK,Thread Group 1-488,text,true,,17,0,643,643,null,0,0,0
1776589559261,88285,Shared DB,1,OK,Thread Group 1-707,text,true,,452,0,642,642,null,0,0,0
1776589561045,86523,Shared DB,1,OK,Thread Group 1-734,text,true,,452,0,641,641,null,0,0,0
1776589537070,110615,Shared DB,0,OK,Thread Group 1-371,text,true,,17,0,640,640,null,0,0,0
1776589547117,100631,Shared DB,0,OK,Thread Group 1-524,text,true,,17,0,639,639,null,0,0,0
1776589531707,116049,Shared DB,0,OK,Thread Group 1-250,text,true,,17,0,638,638,null,0,0,0
1776589533067,114689,Shared DB,0,OK,Thread Group 1-285,text,true,,17,0,638,638,null,0,0,0
1776589532065,115707,Shared DB,0,OK,Thread Group 1-262,text,true,,17,0,636,636,null,0,0,0
1776589560768,87091,Shared DB,1,OK,Thread Group 1-728,text,true,,452,0,635,635,null,0,0,0
1776589549209,98699,Shared DB,0,OK,Thread Group 1-555,text,true,,17,0,634,634,null,0,0,0
1776589537756,110156,Shared DB,0,OK,Thread Group 1-383,text,true,,17,0,633,633,null,0,0,0
1776589542188,105737,Shared DB,0,OK,Thread Group 1-456,text,true,,17,0,632,632,null,0,0,0
1776589539794,108165,Shared DB,0,OK,Thread Group 1-418,text,true,,17,0,631,631,null,0,0,0
1776589542318,105661,Shared DB,0,OK,Thread Group 1-458,text,true,,17,0,630,630,null,0,0,0
1776589561108,86898,Shared DB,1,OK,Thread Group 1-735,text,true,,452,0,629,629,null,0,0,0
1776589547897,100139,Shared DB,0,OK,Thread Group 1-534,text,true,,17,0,628,628,null,0,0,0
1776589563849,84199,Shared DB,1,OK,Thread Group 1-772,text,true,,452,0,627,627,null,0,0,0
1776589536190,111869,Shared DB,0,OK,Thread Group 1-347,text,true,,17,0,626,626,null,0,0,0
1776589560862,87228,Shared DB,1,OK,Thread Group 1-730,text,true,,452,0,625,625,null,0,0,0
1776589531734,116369,Shared DB,0,OK,Thread Group 1-251,text,true,,17,0,624,624,null,0,0,0
1776589550450,97657,Shared DB,0,OK,Thread Group 1-577,text,true,,17,0,624,624,null,0,0,0
1776589561994,86112,Shared DB,1,OK,Thread Group 1-744,text,true,,452,0,624,624,null,0,0,0
1776589561650,86494,Shared DB,1,OK,Thread Group 1-740,text,true,,452,0,621,621,null,0,0,0
1776589550636,97521,Shared DB,0,OK,Thread Group 1-581,text,true,,17,0,620,620,null,0,0,0
1776589542757,105403,Shared DB,0,OK,Thread Group 1-465,text,true,,17,0,619,619,null,0,0,0
1776589541402,106819,Shared DB,0,OK,Thread Group 1-443,text,true,,17,0,618,618,null,0,0,0
1776589557130,91169,Shared DB,1,OK,Thread Group 1-676,text,true,,452,0,617,617,null,0,0,0
1776589548464,99847,Shared DB,0,OK,Thread Group 1-542,text,true,,17,0,616,616,null,0,0,0
1776589546850,101470,Shared DB,0,OK,Thread Group 1-520,text,true,,17,0,615,615,null,0,0,0
1776589533311,115032,Shared DB,0,OK,Thread Group 1-290,text,true,,17,0,614,614,null,0,0,0
1776589530189,118165,Shared DB,0,OK,Thread Group 1-160,text,true,,17,0,613,613,null,0,0,0
1776589543887,104488,Shared DB,0,OK,Thread Group 1-479,text,true,,17,0,612,612,null,0,0,0
1776589546261,102118,Shared DB,1,OK,Thread Group 1-513,text,true,,452,0,611,611,null,0,0,0
1776589552875,95528,Shared DB,0,OK,Thread Group 1-617,text,true,,17,0,610,610,null,0,0,0
1776589549594,98820,Shared DB,0,OK,Thread Group 1-562,text,true,,17,0,609,609,null,0,0,0
1776589547616,100818,Shared DB,0,OK,Thread Group 1-531,text,true,,17,0,608,608,null,0,0,0
1776589561526,86954,Shared DB,1,OK,Thread Group 1-739,text,true,,452,0,607,607,null,0,0,0
1776589546659,101854,Shared DB,1,OK,Thread Group 1-517,text,true,,452,0,606,606,null,0,0,0
1776589538375,110171,Shared DB,1,OK,Thread Group 1-394,text,true,,452,0,605,605,null,0,0,0
1776589552245,96347,Shared DB,0,OK,Thread Group 1-607,text,true,,17,0,604,604,null,0,0,0
1776589545241,103356,Shared DB,0,OK,Thread Group 1-497,text,true,,17,0,603,603,null,0,0,0
1776589530414,118188,Shared DB,0,OK,Thread Group 1-202,text,true,,17,0,602,602,null,0,0,0
1776589535561,113071,Shared DB,1,OK,Thread Group 1-333,text,true,,452,0,601,601,null,0,0,0
1776589541745,106924,Shared DB,0,OK,Thread Group 1-448,text,true,,17,0,600,600,null,0,0,0
1776589537422,111287,Shared DB,0,OK,Thread Group 1-378,text,true,,17,0,599,599,null,0,0,0
1776589562783,85944,Shared DB,1,OK,Thread Group 1-756,text,true,,236,0,598,598,null,0,0,0
1776589564081,84698,Shared DB,1,OK,Thread Group 1-774,text,true,,236,0,597,597,null,0,0,0
1776589548966,99846,Shared DB,0,OK,Thread Group 1-553,text,true,,17,0,596,596,null,0,0,0
1776589532932,115894,Shared DB,0,OK,Thread Group 1-283,text,true,,17,0,595,595,null,0,0,0
1776589560842,87984,Shared DB,1,OK,Thread Group 1-729,text,true,,452,0,594,594,null,0,0,0
1776589534167,114667,Shared DB,0,OK,Thread Group 1-304,text,true,,17,0,593,593,null,0,0,0
1776589564466,84388,Shared DB,1,OK,Thread Group 1-778,text,true,,452,0,592,592,null,0,0,0
1776589534037,114873,Shared DB,1,OK,Thread Group 1-302,text,true,,675,0,591,591,null,0,0,0
1776589533256,116167,Shared DB,0,OK,Thread Group 1-289,text,true,,17,0,590,590,null,0,0,0
1776589542273,107151,Shared DB,0,OK,Thread Group 1-457,text,true,,17,0,589,589,null,0,0,0
1776589543408,106019,Shared DB,1,OK,Thread Group 1-474,text,true,,236,0,588,588,null,0,0,0
1776589563185,86246,Shared DB,1,OK,Thread Group 1-763,text,true,,675,0,587,587,null,0,0,0
1776589536224,113212,Shared DB,0,OK,Thread Group 1-348,text,true,,17,0,586,586,null,0,0,0
1776589548326,101244,Shared DB,0,OK,Thread Group 1-539,text,true,,17,0,585,585,null,0,0,0
1776589548697,100894,Shared DB,0,OK,Thread Group 1-546,text,true,,17,0,584,584,null,0,0,0
1776589550065,99531,Shared DB,1,OK,Thread Group 1-570,text,true,,452,0,583,583,null,0,0,0
1776589544034,105567,Shared DB,1,OK,Thread Group 1-481,text,true,,452,0,582,582,null,0,0,0
1776589536038,113657,Shared DB,0,OK,Thread Group 1-346,text,true,,17,0,581,581,null,0,0,0
1776589542030,107710,Shared DB,0,OK,Thread Group 1-453,text,true,,17,0,580,580,null,0,0,0
1776589535923,113834,Shared DB,0,OK,Thread Group 1-343,text,true,,17,0,579,579,null,0,0,0
1776589537642,112151,Shared DB,1,OK,Thread Group 1-382,text,true,,452,0,578,578,null,0,0,0
1776589560713,89127,Shared DB,1,OK,Thread Group 1-727,text,true,,452,0,577,577,null,0,0,0
1776589540371,109502,Shared DB,0,OK,Thread Group 1-428,text,true,,17,0,576,576,null,0,0,0
1776589550785,99128,Shared DB,0,OK,Thread Group 1-583,text,true,,17,0,575,575,null,0,0,0
1776589549392,100542,Shared DB,0,OK,Thread Group 1-559,text,true,,17,0,574,574,null,0,0,0
1776589549352,100585,Shared DB,0,OK,Thread Group 1-558,text,true,,17,0,573,573,null,0,0,0
1776589542889,107117,Shared DB,0,OK,Thread Group 1-466,text,true,,17,0,572,572,null,0,0,0
1776589564543,85566,Shared DB,1,OK,Thread Group 1-779,text,true,,452,0,571,571,null,0,0,0
1776589544331,106048,Shared DB,0,OK,Thread Group 1-485,text,true,,17,0,570,570,null,0,0,0
1776589530097,120405,Shared DB,0,OK,Thread Group 1-142,text,true,,17,0,569,569,null,0,0,0
1776589543480,107165,Shared DB,0,OK,Thread Group 1-475,text,true,,17,0,568,568,null,0,0,0
1776589530366,120339,Shared DB,0,OK,Thread Group 1-194,text,true,,17,0,567,567,null,0,0,0
1776589552604,98100,Shared DB,0,OK,Thread Group 1-613,text,true,,17,0,567,567,null,0,0,0
1776589559613,91221,Shared DB,1,OK,Thread Group 1-712,text,true,,452,0,565,565,null,0,0,0
1776589532597,118407,Shared DB,1,OK,Thread Group 1-275,text,true,,452,0,564,564,null,0,0,0
1776589550713,100331,Shared DB,0,OK,Thread Group 1-582,text,true,,17,0,563,563,null,0,0,0
1776589547777,103268,Shared DB,1,OK,Thread Group 1-533,text,true,,452,0,562,562,null,0,0,0
1776589544778,106358,Shared DB,0,OK,Thread Group 1-491,text,true,,17,0,561,561,null,0,0,0
1776589539188,111976,Shared DB,0,OK,Thread Group 1-408,text,true,,17,0,560,560,null,0,0,0
1776589551199,100393,Shared DB,0,OK,Thread Group 1-589,text,true,,17,0,559,559,null,0,0,0
1776589555653,95941,Shared DB,0,OK,Thread Group 1-652,text,true,,17,0,558,558,null,0,0,0
1776589537174,114446,Shared DB,0,OK,Thread Group 1-373,text,true,,17,0,557,557,null,0,0,0
1776589559418,92360,Shared DB,1,OK,Thread Group 1-709,text,true,,236,0,556,556,null,0,0,0
1776589558323,94083,Shared DB,0,OK,Thread Group 1-695,text,true,,17,0,555,555,null,0,0,0
1776589541598,111249,Shared DB,0,OK,Thread Group 1-446,text,true,,17,0,554,554,null,0,0,0
1776589546107,106826,Shared DB,0,OK,Thread Group 1-511,text,true,,17,0,553,553,null,0,0,0
1776589544505,108871,Shared DB,0,OK,Thread Group 1-487,text,true,,17,0,552,552,null,0,0,0
1776589559467,93921,Shared DB,1,OK,Thread Group 1-710,text,true,,452,0,551,551,null,0,0,0
1776589552044,101811,Shared DB,0,OK,Thread Group 1-603,text,true,,17,0,550,550,null,0,0,0
1776589550421,103844,Shared DB,1,OK,Thread Group 1-576,text,true,,675,0,549,549,null,0,0,0
1776589555534,98758,Shared DB,0,OK,Thread Group 1-650,text,true,,17,0,548,548,null,0,0,0
1776589536437,117860,Shared DB,0,OK,Thread Group 1-352,text,true,,17,0,547,547,null,0,0,0
1776589530256,124043,Shared DB,0,OK,Thread Group 1-174,text,true,,17,0,546,546,null,0,0,0
1776589553579,100731,Shared DB,0,OK,Thread Group 1-626,text,true,,17,0,545,545,null,0,0,0
1776589551687,102662,Shared DB,0,OK,Thread Group 1-597,text,true,,17,0,544,544,null,0,0,0
1776589532028,122345,Shared DB,0,OK,Thread Group 1-261,text,true,,17,0,543,543,null,0,0,0
1776589548525,106209,Shared DB,0,OK,Thread Group 1-543,text,true,,17,0,542,542,null,0,0,0
1776589553771,101095,Shared DB,0,OK,Thread Group 1-629,text,true,,17,0,541,541,null,0,0,0
1776589579809,75808,Shared DB,0,OK,Thread Group 1-972,text,true,,17,0,540,540,null,0,0,0
1776589551848,103891,Shared DB,0,OK,Thread Group 1-600,text,true,,17,0,539,539,null,0,0,0
1776589537906,117860,Shared DB,0,OK,Thread Group 1-386,text,true,,17,0,538,538,null,0,0,0
1776589552000,103781,Shared DB,0,OK,Thread Group 1-602,text,true,,17,0,537,537,null,0,0,0
1776589581690,75773,Shared DB,0,OK,Thread Group 1-992,text,true,,17,0,536,536,null,0,0,0
1776589581491,75978,Shared DB,0,OK,Thread Group 1-990,text,true,,17,0,535,535,null,0,0,0
1776589582215,75254,Shared DB,0,OK,Thread Group 1-998,text,true,,17,0,535,535,null,0,0,0
1776589556426,101046,Shared DB,0,OK,Thread Group 1-663,text,true,,17,0,534,534,null,0,0,0
1776589580554,76928,Shared DB,0,OK,Thread Group 1-978,text,true,,17,0,532,532,null,0,0,0
1776589539367,118163,Shared DB,0,OK,Thread Group 1-410,text,true,,17,0,531,531,null,0,0,0
1776589580679,77677,Shared DB,0,OK,Thread Group 1-982,text,true,,17,0,530,530,null,0,0,0
1776589582097,76380,Shared DB,0,OK,Thread Group 1-997,text,true,,17,0,529,529,null,0,0,0
1776589580727,78125,Shared DB,0,OK,Thread Group 1-984,text,true,,17,0,528,528,null,0,0,0
1776589581727,77146,Shared DB,0,OK,Thread Group 1-993,text,true,,17,0,527,527,null,0,0,0
1776589580578,78315,Shared DB,0,OK,Thread Group 1-979,text,true,,17,0,526,526,null,0,0,0
1776589581925,76973,Shared DB,0,OK,Thread Group 1-995,text,true,,17,0,525,525,null,0,0,0
1776589572642,86261,Shared DB,0,OK,Thread Group 1-885,text,true,,17,0,524,524,null,0,0,0
1776589550201,108716,Shared DB,0,OK,Thread Group 1-572,text,true,,17,0,523,523,null,0,0,0
1776589573260,85826,Shared DB,0,OK,Thread Group 1-895,text,true,,17,0,522,522,null,0,0,0
1776589537828,121264,Shared DB,0,OK,Thread Group 1-384,text,true,,17,0,521,521,null,0,0,0
1776589536535,122584,Shared DB,0,OK,Thread Group 1-355,text,true,,17,0,520,520,null,0,0,0
1776589582236,77124,Shared DB,0,OK,Thread Group 1-999,text,true,,17,0,519,519,null,0,0,0
1776589582406,77047,Shared DB,0,OK,Thread Group 1-1000,text,true,,17,0,518,518,null,0,0,0
1776589536674,122964,Shared DB,0,OK,Thread Group 1-357,text,true,,17,0,517,517,null,0,0,0
1776589579084,80555,Shared DB,0,OK,Thread Group 1-966,text,true,,17,0,516,516,null,0,0,0
1776589580730,78912,Shared DB,0,OK,Thread Group 1-985,text,true,,17,0,515,515,null,0,0,0
1776589578662,80997,Shared DB,0,OK,Thread Group 1-958,text,true,,17,0,514,514,null,0,0,0
1776589581987,77737,Shared DB,0,OK,Thread Group 1-996,text,true,,17,0,513,513,null,0,0,0
1776589580418,79312,Shared DB,0,OK,Thread Group 1-977,text,true,,17,0,512,512,null,0,0,0
1776589581617,78163,Shared DB,0,OK,Thread Group 1-991,text,true,,17,0,511,511,null,0,0,0
1776589539028,120798,Shared DB,0,OK,Thread Group 1-403,text,true,,17,0,510,510,null,0,0,0
1776589564885,94954,Shared DB,0,OK,Thread Group 1-783,text,true,,17,0,509,509,null,0,0,0
1776589570003,89838,Shared DB,0,OK,Thread Group 1-847,text,true,,17,0,509,509,null,0,0,0
1776589539864,119979,Shared DB,0,OK,Thread Group 1-420,text,true,,17,0,507,507,null,0,0,0
1776589568120,91889,Shared DB,0,OK,Thread Group 1-825,text,true,,17,0,506,506,null,0,0,0
1776589565377,94633,Shared DB,1,OK,Thread Group 1-790,text,true,,236,0,506,506,null,0,0,0
1776589534947,125224,Shared DB,0,OK,Thread Group 1-319,text,true,,17,0,504,504,null,0,0,0
1776589560963,99223,Shared DB,0,OK,Thread Group 1-733,text,true,,17,0,503,503,null,0,0,0
1776589546904,113309,Shared DB,0,OK,Thread Group 1-521,text,true,,17,0,502,502,null,0,0,0
1776589537860,122379,Shared DB,0,OK,Thread Group 1-385,text,true,,17,0,501,501,null,0,0,0
1776589552056,108192,Shared DB,0,OK,Thread Group 1-604,text,true,,17,0,500,500,null,0,0,0
1776589571718,88616,Shared DB,0,OK,Thread Group 1-870,text,true,,17,0,499,499,null,0,0,0
1776589576618,83753,Shared DB,0,OK,Thread Group 1-931,text,true,,17,0,498,498,null,0,0,0
1776589577345,83130,Shared DB,0,OK,Thread Group 1-942,text,true,,17,0,497,497,null,0,0,0
1776589561882,98602,Shared DB,0,OK,Thread Group 1-743,text,true,,17,0,496,496,null,0,0,0
1776589570669,89843,Shared DB,0,OK,Thread Group 1-856,text,true,,17,0,495,495,null,0,0,0
1776589535249,125300,Shared DB,0,OK,Thread Group 1-326,text,true,,17,0,495,495,null,0,0,0
1776589576996,83550,Shared DB,0,OK,Thread Group 1-935,text,true,,17,0,495,495,null,0,0,0
1776589573812,86755,Shared DB,0,OK,Thread Group 1-902,text,true,,17,0,492,492,null,0,0,0
1776589532763,127809,Shared DB,0,OK,Thread Group 1-279,text,true,,17,0,491,491,null,0,0,0
1776589536748,123826,Shared DB,0,OK,Thread Group 1-361,text,true,,17,0,490,490,null,0,0,0
1776589580342,80262,Shared DB,0,OK,Thread Group 1-976,text,true,,17,0,489,489,null,0,0,0
1776589579252,81353,Shared DB,0,OK,Thread Group 1-967,text,true,,17,0,488,488,null,0,0,0
1776589577459,83184,Shared DB,0,OK,Thread Group 1-944,text,true,,17,0,487,487,null,0,0,0
1776589578782,81881,Shared DB,0,OK,Thread Group 1-961,text,true,,17,0,486,486,null,0,0,0
1776589576421,84261,Shared DB,0,OK,Thread Group 1-928,text,true,,17,0,485,485,null,0,0,0
1776589571330,89395,Shared DB,0,OK,Thread Group 1-865,text,true,,17,0,484,484,null,0,0,0
1776589576213,84645,Shared DB,0,OK,Thread Group 1-925,text,true,,17,0,483,483,null,0,0,0
1776589576029,84936,Shared DB,0,OK,Thread Group 1-923,text,true,,17,0,482,482,null,0,0,0
1776589575157,85839,Shared DB,0,OK,Thread Group 1-914,text,true,,17,0,481,481,null,0,0,0
1776589579333,81688,Shared DB,0,OK,Thread Group 1-968,text,true,,17,0,480,480,null,0,0,0
1776589576710,84342,Shared DB,0,OK,Thread Group 1-932,text,true,,17,0,479,479,null,0,0,0
1776589564929,96165,Shared DB,1,OK,Thread Group 1-784,text,true,,452,0,478,478,null,0,0,0
1776589573897,87229,Shared DB,0,OK,Thread Group 1-903,text,true,,17,0,477,477,null,0,0,0
1776589569899,91241,Shared DB,0,OK,Thread Group 1-845,text,true,,17,0,476,476,null,0,0,0
1776589569496,91654,Shared DB,0,OK,Thread Group 1-840,text,true,,17,0,475,475,null,0,0,0
1776589571141,90018,Shared DB,0,OK,Thread Group 1-862,text,true,,17,0,474,474,null,0,0,0
1776589577186,83974,Shared DB,0,OK,Thread Group 1-937,text,true,,17,0,474,474,null,0,0,0
1776589576253,84910,Shared DB,0,OK,Thread Group 1-926,text,true,,17,0,472,472,null,0,0,0
1776589566044,95125,Shared DB,0,OK,Thread Group 1-797,text,true,,17,0,471,471,null,0,0,0
1776589572304,88877,Shared DB,0,OK,Thread Group 1-880,text,true,,17,0,470,470,null,0,0,0
1776589564828,96358,Shared DB,0,OK,Thread Group 1-782,text,true,,17,0,469,469,null,0,0,0
1776589571421,89768,Shared DB,0,OK,Thread Group 1-866,text,true,,17,0,468,468,null,0,0,0
1776589578859,82497,Shared DB,0,OK,Thread Group 1-962,text,true,,17,0,467,467,null,0,0,0
1776589579375,81984,Shared DB,0,OK,Thread Group 1-970,text,true,,17,0,466,466,null,0,0,0
1776589574782,86622,Shared DB,0,OK,Thread Group 1-911,text,true,,17,0,465,465,null,0,0,0
1776589569043,92368,Shared DB,0,OK,Thread Group 1-834,text,true,,17,0,464,464,null,0,0,0
1776589578488,83000,Shared DB,0,OK,Thread Group 1-956,text,true,,17,0,463,463,null,0,0,0
1776589581786,79945,Shared DB,0,OK,Thread Group 1-994,text,true,,17,0,462,462,null,0,0,0
1776589577413,84343,Shared DB,0,OK,Thread Group 1-943,text,true,,17,0,461,461,null,0,0,0
1776589578724,83058,Shared DB,0,OK,Thread Group 1-960,text,true,,17,0,460,460,null,0,0,0
1776589580283,81503,Shared DB,0,OK,Thread Group 1-975,text,true,,17,0,459,459,null,0,0,0
1776589575256,86537,Shared DB,0,OK,Thread Group 1-915,text,true,,17,0,458,458,null,0,0,0
1776589576890,84932,Shared DB,0,OK,Thread Group 1-934,text,true,,17,0,457,457,null,0,0,0
1776589577271,84565,Shared DB,0,OK,Thread Group 1-940,text,true,,17,0,456,456,null,0,0,0
1776589577230,84638,Shared DB,0,OK,Thread Group 1-938,text,true,,17,0,455,455,null,0,0,0
1776589570778,91145,Shared DB,0,OK,Thread Group 1-857,text,true,,17,0,454,454,null,0,0,0
1776589573103,88933,Shared DB,0,OK,Thread Group 1-892,text,true,,17,0,453,453,null,0,0,0
1776589581191,81658,Shared DB,0,OK,Thread Group 1-987,text,true,,17,0,452,452,null,0,0,0
1776589576499,86974,Shared DB,0,OK,Thread Group 1-929,text,true,,17,0,451,451,null,0,0,0
1776589578240,85265,Shared DB,0,OK,Thread Group 1-953,text,true,,17,0,450,450,null,0,0,0
1776589581290,82563,Shared DB,0,OK,Thread Group 1-988,text,true,,17,0,449,449,null,0,0,0
1776589545775,118111,Shared DB,0,OK,Thread Group 1-505,text,true,,17,0,448,448,null,0,0,0
1776589577234,86829,Shared DB,0,OK,Thread Group 1-939,text,true,,17,0,447,447,null,0,0,0
1776589571920,92153,Shared DB,0,OK,Thread Group 1-873,text,true,,17,0,446,446,null,0,0,0
1776589576536,87676,Shared DB,0,OK,Thread Group 1-930,text,true,,17,0,445,445,null,0,0,0
1776589578331,85937,Shared DB,0,OK,Thread Group 1-954,text,true,,17,0,444,444,null,0,0,0
1776589563340,100929,Shared DB,0,OK,Thread Group 1-765,text,true,,17,0,444,444,null,0,0,0
1776589572396,92038,Shared DB,0,OK,Thread Group 1-881,text,true,,17,0,442,442,null,0,0,0
1776589559069,105366,Shared DB,0,OK,Thread Group 1-704,text,true,,17,0,442,442,null,0,0,0
1776589579021,85412,Shared DB,0,OK,Thread Group 1-964,text,true,,17,0,442,442,null,0,0,0
1776589580688,83972,Shared DB,0,OK,Thread Group 1-983,text,true,,17,0,439,439,null,0,0,0
1776589571264,93722,Shared DB,0,OK,Thread Group 1-864,text,true,,17,0,438,438,null,0,0,0
1776589577666,87617,Shared DB,0,OK,Thread Group 1-946,text,true,,17,0,437,437,null,0,0,0
1776589572551,92784,Shared DB,0,OK,Thread Group 1-884,text,true,,17,0,436,436,null,0,0,0
1776589580594,84986,Shared DB,0,OK,Thread Group 1-980,text,true,,17,0,435,435,null,0,0,0
1776589580611,84969,Shared DB,0,OK,Thread Group 1-981,text,true,,17,0,435,435,null,0,0,0
1776589578144,87438,Shared DB,0,OK,Thread Group 1-952,text,true,,17,0,433,433,null,0,0,0
1776589578674,86922,Shared DB,0,OK,Thread Group 1-959,text,true,,17,0,432,432,null,0,0,0
1776589567457,98178,Shared DB,0,OK,Thread Group 1-816,text,true,,17,0,431,431,null,0,0,0
1776589565223,100456,Shared DB,0,OK,Thread Group 1-788,text,true,,17,0,430,430,null,0,0,0
1776589570030,95728,Shared DB,0,OK,Thread Group 1-848,text,true,,17,0,429,429,null,0,0,0
1776589561194,104610,Shared DB,0,OK,Thread Group 1-736,text,true,,17,0,428,428,null,0,0,0
1776589554163,111664,Shared DB,0,OK,Thread Group 1-633,text,true,,17,0,427,427,null,0,0,0
1776589562837,102989,Shared DB,0,OK,Thread Group 1-757,text,true,,17,0,427,427,null,0,0,0
1776589535950,129879,Shared DB,0,OK,Thread Group 1-344,text,true,,17,0,427,427,null,0,0,0
1776589550597,115231,Shared DB,0,OK,Thread Group 1-580,text,true,,17,0,427,427,null,0,0,0
1776589569289,96664,Shared DB,0,OK,Thread Group 1-836,text,true,,17,0,423,423,null,0,0,0
1776589530009,135950,Shared DB,0,OK,Thread Group 1-125,text,true,,17,0,422,422,null,0,0,0
1776589533358,132612,Shared DB,0,OK,Thread Group 1-291,text,true,,17,0,421,421,null,0,0,0
1776589549530,116442,Shared DB,0,OK,Thread Group 1-561,text,true,,17,0,420,420,null,0,0,0
1776589549165,116846,Shared DB,0,OK,Thread Group 1-554,text,true,,17,0,419,419,null,0,0,0
1776589569608,96403,Shared DB,0,OK,Thread Group 1-841,text,true,,17,0,419,419,null,0,0,0
1776589579346,86672,Shared DB,0,OK,Thread Group 1-969,text,true,,17,0,418,418,null,0,0,0
1776589580156,85887,Shared DB,0,OK,Thread Group 1-974,text,true,,17,0,416,416,null,0,0,0
1776589574680,91432,Shared DB,0,OK,Thread Group 1-910,text,true,,17,0,415,415,null,0,0,0
1776589557376,108751,Shared DB,0,OK,Thread Group 1-680,text,true,,17,0,414,414,null,0,0,0
1776589563731,102492,Shared DB,0,OK,Thread Group 1-771,text,true,,17,0,413,413,null,0,0,0
1776589574379,92028,Shared DB,0,OK,Thread Group 1-907,text,true,,17,0,412,412,null,0,0,0
1776589572053,94365,Shared DB,0,OK,Thread Group 1-877,text,true,,17,0,411,411,null,0,0,0
1776589572137,94281,Shared DB,0,OK,Thread Group 1-878,text,true,,17,0,411,411,null,0,0,0
1776589577834,88588,Shared DB,0,OK,Thread Group 1-948,text,true,,17,0,409,409,null,0,0,0
1776589575685,90746,Shared DB,0,OK,Thread Group 1-920,text,true,,17,0,408,408,null,0,0,0
1776589570120,96351,Shared DB,0,OK,Thread Group 1-849,text,true,,17,0,407,407,null,0,0,0
1776589540008,126474,Shared DB,0,OK,Thread Group 1-422,text,true,,17,0,406,406,null,0,0,0
1776589577535,88947,Shared DB,0,OK,Thread Group 1-945,text,true,,17,0,405,405,null,0,0,0
1776589555914,110581,Shared DB,0,OK,Thread Group 1-657,text,true,,17,0,404,404,null,0,0,0
1776589535909,130604,Shared DB,0,OK,Thread Group 1-345,text,true,,17,0,403,403,null,0,0,0
1776589536914,129608,Shared DB,0,OK,Thread Group 1-367,text,true,,17,0,402,402,null,0,0,0
1776589577957,88685,Shared DB,0,OK,Thread Group 1-950,text,true,,17,0,401,401,null,0,0,0
1776589542071,124578,Shared DB,0,OK,Thread Group 1-454,text,true,,17,0,400,400,null,0,0,0
1776589572977,93686,Shared DB,0,OK,Thread Group 1-890,text,true,,17,0,399,399,null,0,0,0
1776589562538,104135,Shared DB,0,OK,Thread Group 1-753,text,true,,17,0,398,398,null,0,0,0
1776589566136,100538,Shared DB,0,OK,Thread Group 1-799,text,true,,17,0,397,397,null,0,0,0
1776589570164,96518,Shared DB,0,OK,Thread Group 1-850,text,true,,17,0,396,396,null,0,0,0
1776589571078,95715,Shared DB,0,OK,Thread Group 1-861,text,true,,17,0,395,395,null,0,0,0
1776589571658,95270,Shared DB,0,OK,Thread Group 1-869,text,true,,17,0,394,394,null,0,0,0
1776589565934,101078,Shared DB,0,OK,Thread Group 1-795,text,true,,17,0,393,393,null,0,0,0
1776589578412,88625,Shared DB,0,OK,Thread Group 1-955,text,true,,17,0,392,392,null,0,0,0
1776589579040,88062,Shared DB,0,OK,Thread Group 1-965,text,true,,17,0,391,391,null,0,0,0
1776589572211,94893,Shared DB,0,OK,Thread Group 1-879,text,true,,17,0,390,390,null,0,0,0
1776589563613,103491,Shared DB,0,OK,Thread Group 1-770,text,true,,17,0,390,390,null,0,0,0
1776589578964,88141,Shared DB,0,OK,Thread Group 1-963,text,true,,17,0,388,388,null,0,0,0
1776589564268,102838,Shared DB,0,OK,Thread Group 1-776,text,true,,17,0,387,387,null,0,0,0
1776589568852,98305,Shared DB,0,OK,Thread Group 1-833,text,true,,17,0,386,386,null,0,0,0
1776589568672,98487,Shared DB,0,OK,Thread Group 1-831,text,true,,17,0,385,385,null,0,0,0
1776589569714,97474,Shared DB,0,OK,Thread Group 1-843,text,true,,17,0,384,384,null,0,0,0
1776589531827,135364,Shared DB,0,OK,Thread Group 1-253,text,true,,17,0,383,383,null,0,0,0
1776589581387,85807,Shared DB,0,OK,Thread Group 1-989,text,true,,17,0,382,382,null,0,0,0
1776589569661,97539,Shared DB,0,OK,Thread Group 1-842,text,true,,17,0,381,381,null,0,0,0
1776589569801,97405,Shared DB,0,OK,Thread Group 1-844,text,true,,17,0,380,380,null,0,0,0
1776589537122,130087,Shared DB,0,OK,Thread Group 1-372,text,true,,17,0,379,379,null,0,0,0
1776589534538,132708,Shared DB,0,OK,Thread Group 1-313,text,true,,17,0,378,378,null,0,0,0
1776589569340,97921,Shared DB,0,OK,Thread Group 1-838,text,true,,17,0,377,377,null,0,0,0
1776589557034,110238,Shared DB,0,OK,Thread Group 1-675,text,true,,17,0,376,376,null,0,0,0
1776589538710,128565,Shared DB,0,OK,Thread Group 1-399,text,true,,17,0,375,375,null,0,0,0
1776589539603,127675,Shared DB,0,OK,Thread Group 1-414,text,true,,17,0,374,374,null,0,0,0
1776589532718,134564,Shared DB,0,OK,Thread Group 1-278,text,true,,17,0,373,373,null,0,0,0
1776589537577,129706,Shared DB,0,OK,Thread Group 1-381,text,true,,17,0,372,372,null,0,0,0
1776589538551,128734,Shared DB,0,OK,Thread Group 1-397,text,true,,17,0,371,371,null,0,0,0
1776589569951,97333,Shared DB,0,OK,Thread Group 1-846,text,true,,17,0,371,371,null,0,0,0
1776589535232,132055,Shared DB,0,OK,Thread Group 1-325,text,true,,17,0,369,369,null,0,0,0
1776589539371,127916,Shared DB,0,OK,Thread Group 1-406,text,true,,17,0,368,368,null,0,0,0
1776589532826,134462,Shared DB,0,OK,Thread Group 1-281,text,true,,17,0,368,368,null,0,0,0
1776589563011,104276,Shared DB,0,OK,Thread Group 1-760,text,true,,17,0,366,366,null,0,0,0
1776589535042,132249,Shared DB,0,OK,Thread Group 1-321,text,true,,17,0,366,366,null,0,0,0
1776589577750,89540,Shared DB,0,OK,Thread Group 1-947,text,true,,17,0,364,364,null,0,0,0
1776589557689,109604,Shared DB,0,OK,Thread Group 1-685,text,true,,17,0,363,363,null,0,0,0
1776589543254,124043,Shared DB,0,OK,Thread Group 1-472,text,true,,17,0,362,362,null,0,0,0
1776589531629,135680,Shared DB,0,OK,Thread Group 1-246,text,true,,17,0,361,361,null,0,0,0
1776589575554,91752,Shared DB,0,OK,Thread Group 1-919,text,true,,17,0,361,361,null,0,0,0
1776589571004,96309,Shared DB,0,OK,Thread Group 1-860,text,true,,17,0,359,359,null,0,0,0
1776589535825,131490,Shared DB,0,OK,Thread Group 1-341,text,true,,17,0,359,359,null,0,0,0
1776589565275,102042,Shared DB,0,OK,Thread Group 1-789,text,true,,17,0,357,357,null,0,0,0
1776589575911,91408,Shared DB,0,OK,Thread Group 1-922,text,true,,17,0,356,356,null,0,0,0
1776589572875,94445,Shared DB,0,OK,Thread Group 1-889,text,true,,17,0,355,355,null,0,0,0
1776589563498,103825,Shared DB,0,OK,Thread Group 1-768,text,true,,17,0,354,354,null,0,0,0
1776589545447,121878,Shared DB,0,OK,Thread Group 1-501,text,true,,17,0,354,354,null,0,0,0
1776589575408,91916,Shared DB,0,OK,Thread Group 1-917,text,true,,17,0,352,352,null,0,0,0
1776589568615,98711,Shared DB,0,OK,Thread Group 1-830,text,true,,17,0,351,351,null,0,0,0
1776589549987,117342,Shared DB,0,OK,Thread Group 1-569,text,true,,17,0,350,350,null,0,0,0
1776589576152,91177,Shared DB,0,OK,Thread Group 1-924,text,true,,17,0,349,349,null,0,0,0
1776589551014,116329,Shared DB,0,OK,Thread Group 1-585,text,true,,17,0,348,348,null,0,0,0
1776589534656,132693,Shared DB,0,OK,Thread Group 1-315,text,true,,17,0,348,348,null,0,0,0
1776589567630,99718,Shared DB,0,OK,Thread Group 1-819,text,true,,17,0,347,347,null,0,0,0
1776589558621,108734,Shared DB,0,OK,Thread Group 1-218,text,true,,17,0,345,345,null,0,0,0
1776589552726,114629,Shared DB,0,OK,Thread Group 1-615,text,true,,17,0,345,345,null,0,0,0
1776589557445,109914,Shared DB,0,OK,Thread Group 1-681,text,true,,17,0,343,343,null,0,0,0
1776589547421,119940,Shared DB,0,OK,Thread Group 1-529,text,true,,17,0,342,342,null,0,0,0
1776589557883,109479,Shared DB,0,OK,Thread Group 1-689,text,true,,17,0,342,342,null,0,0,0
1776589556520,110842,Shared DB,0,OK,Thread Group 1-665,text,true,,17,0,342,342,null,0,0,0
1776589572815,94553,Shared DB,0,OK,Thread Group 1-888,text,true,,17,0,339,339,null,0,0,0
1776589540611,126759,Shared DB,0,OK,Thread Group 1-432,text,true,,17,0,339,339,null,0,0,0
1776589574244,93125,Shared DB,0,OK,Thread Group 1-906,text,true,,17,0,337,337,null,0,0,0
1776589562506,104864,Shared DB,0,OK,Thread Group 1-752,text,true,,17,0,336,336,null,0,0,0
1776589559130,108247,Shared DB,0,OK,Thread Group 1-705,text,true,,17,0,335,335,null,0,0,0
1776589571553,95828,Shared DB,0,OK,Thread Group 1-868,text,true,,17,0,334,334,null,0,0,0
1776589541183,126203,Shared DB,0,OK,Thread Group 1-440,text,true,,17,0,333,333,null,0,0,0
1776589559685,107701,Shared DB,0,OK,Thread Group 1-713,text,true,,17,0,332,332,null,0,0,0
1776589540117,127271,Shared DB,0,OK,Thread Group 1-424,text,true,,17,0,331,331,null,0,0,0
1776589544719,122672,Shared DB,0,OK,Thread Group 1-490,text,true,,17,0,330,330,null,0,0,0
1776589558707,108684,Shared DB,0,OK,Thread Group 1-699,text,true,,17,0,329,329,null,0,0,0
1776589537394,130000,Shared DB,0,OK,Thread Group 1-376,text,true,,17,0,328,328,null,0,0,0
1776589533744,133651,Shared DB,0,OK,Thread Group 1-298,text,true,,17,0,328,328,null,0,0,0
1776589565469,101923,Shared DB,0,OK,Thread Group 1-791,text,true,,17,0,327,327,null,0,0,0
1776589567155,100238,Shared DB,0,OK,Thread Group 1-811,text,true,,17,0,326,326,null,0,0,0
1776589550348,117047,Shared DB,0,OK,Thread Group 1-575,text,true,,17,0,324,324,null,0,0,0
1776589560555,106841,Shared DB,0,OK,Thread Group 1-725,text,true,,17,0,323,323,null,0,0,0
1776589560513,106884,Shared DB,0,OK,Thread Group 1-724,text,true,,17,0,322,322,null,0,0,0
1776589538214,129184,Shared DB,0,OK,Thread Group 1-389,text,true,,17,0,321,321,null,0,0,0
1776589548782,118616,Shared DB,0,OK,Thread Group 1-548,text,true,,17,0,320,320,null,0,0,0
1776589536900,130501,Shared DB,0,OK,Thread Group 1-364,text,true,,17,0,319,319,null,0,0,0
1776589561734,105665,Shared DB,0,OK,Thread Group 1-741,text,true,,17,0,319,319,null,0,0,0
1776589556066,111334,Shared DB,0,OK,Thread Group 1-659,text,true,,17,0,319,319,null,0,0,0
1776589578590,88810,Shared DB,0,OK,Thread Group 1-957,text,true,,17,0,316,316,null,0,0,0
1776589564376,103025,Shared DB,0,OK,Thread Group 1-777,text,true,,17,0,315,315,null,0,0,0
1776589564743,102658,Shared DB,0,OK,Thread Group 1-781,text,true,,17,0,314,314,null,0,0,0
1776589580788,86614,Shared DB,0,OK,Thread Group 1-986,text,true,,17,0,313,313,null,0,0,0
1776589566852,100552,Shared DB,0,OK,Thread Group 1-807,text,true,,17,0,312,312,null,0,0,0
1776589573392,94012,Shared DB,0,OK,Thread Group 1-897,text,true,,17,0,311,311,null,0,0,0
1776589550493,116912,Shared DB,0,OK,Thread Group 1-579,text,true,,17,0,310,310,null,0,0,0
1776589558266,109139,Shared DB,0,OK,Thread Group 1-694,text,true,,17,0,310,310,null,0,0,0
1776589563948,103457,Shared DB,0,OK,Thread Group 1-773,text,true,,17,0,308,308,null,0,0,0
1776589562465,104941,Shared DB,0,OK,Thread Group 1-751,text,true,,17,0,307,307,null,0,0,0
1776589573763,93644,Shared DB,0,OK,Thread Group 1-901,text,true,,17,0,306,306,null,0,0,0
1776589549464,117944,Shared DB,0,OK,Thread Group 1-560,text,true,,17,0,306,306,null,0,0,0
1776589568389,99020,Shared DB,0,OK,Thread Group 1-828,text,true,,17,0,304,304,null,0,0,0
1776589554456,112953,Shared DB,0,OK,Thread Group 1-637,text,true,,17,0,303,303,null,0,0,0
1776589534255,133157,Shared DB,0,OK,Thread Group 1-306,text,true,,17,0,303,303,null,0,0,0
1776589578046,89364,Shared DB,0,OK,Thread Group 1-951,text,true,,17,0,301,301,null,0,0,0
1776589539514,127900,Shared DB,0,OK,Thread Group 1-413,text,true,,17,0,300,300,null,0,0,0
1776589554014,113399,Shared DB,0,OK,Thread Group 1-631,text,true,,17,0,300,300,null,0,0,0
1776589571928,95487,Shared DB,0,OK,Thread Group 1-874,text,true,,17,0,298,298,null,0,0,0
1776589539634,127783,Shared DB,0,OK,Thread Group 1-415,text,true,,17,0,298,298,null,0,0,0
1776589533686,133732,Shared DB,0,OK,Thread Group 1-297,text,true,,17,0,298,298,null,0,0,0
1776589580080,87336,Shared DB,0,OK,Thread Group 1-973,text,true,,17,0,295,295,null,0,0,0
1776589539716,127707,Shared DB,0,OK,Thread Group 1-416,text,true,,17,0,294,294,null,0,0,0
1776589535494,131930,Shared DB,0,OK,Thread Group 1-332,text,true,,17,0,294,294,null,0,0,0
1776589563436,103987,Shared DB,0,OK,Thread Group 1-766,text,true,,17,0,292,292,null,0,0,0
1776589543011,124415,Shared DB,0,OK,Thread Group 1-468,text,true,,17,0,291,291,null,0,0,0
1776589536720,130706,Shared DB,0,OK,Thread Group 1-360,text,true,,17,0,291,291,null,0,0,0
1776589548388,119039,Shared DB,0,OK,Thread Group 1-541,text,true,,17,0,289,289,null,0,0,0
1776589569157,98270,Shared DB,0,OK,Thread Group 1-835,text,true,,17,0,289,289,null,0,0,0
1776589579378,88075,Shared DB,0,OK,Thread Group 1-971,text,true,,17,0,287,287,null,0,0,0
1776589537333,130143,Shared DB,0,OK,Thread Group 1-374,text,true,,17,0,286,286,null,0,0,0
1776589573164,94313,Shared DB,0,OK,Thread Group 1-893,text,true,,17,0,285,285,null,0,0,0
1776589556619,110903,Shared DB,0,OK,Thread Group 1-667,text,true,,17,0,284,284,null,0,0,0
1776589566586,100940,Shared DB,0,OK,Thread Group 1-805,text,true,,17,0,283,283,null,0,0,0
1776589553701,113845,Shared DB,0,OK,Thread Group 1-628,text,true,,17,0,282,282,null,0,0,0
1776589530708,136904,Shared DB,0,OK,Thread Group 1-216,text,true,,17,0,281,281,null,0,0,0
1776589551449,116162,Shared DB,0,OK,Thread Group 1-594,text,true,,17,0,281,281,null,0,0,0
1776589537361,130253,Shared DB,0,OK,Thread Group 1-375,text,true,,17,0,280,280,null,0,0,0
1776589543175,124439,Shared DB,0,OK,Thread Group 1-470,text,true,,17,0,280,280,null,0,0,0
1776589539456,128163,Shared DB,0,OK,Thread Group 1-412,text,true,,17,0,277,277,null,0,0,0
1776589541885,125734,Shared DB,0,OK,Thread Group 1-450,text,true,,17,0,277,277,null,0,0,0
1776589557759,109860,Shared DB,0,OK,Thread Group 1-687,text,true,,17,0,275,275,null,0,0,0
1776589567023,100596,Shared DB,0,OK,Thread Group 1-809,text,true,,17,0,274,274,null,0,0,0
1776589568547,99074,Shared DB,0,OK,Thread Group 1-829,text,true,,17,0,273,273,null,0,0,0
1776589562704,104916,Shared DB,0,OK,Thread Group 1-755,text,true,,17,0,272,272,null,0,0,0
1776589537418,130205,Shared DB,0,OK,Thread Group 1-377,text,true,,17,0,272,272,null,0,0,0
1776589567403,100220,Shared DB,0,OK,Thread Group 1-814,text,true,,17,0,270,270,null,0,0,0
1776589540526,127098,Shared DB,0,OK,Thread Group 1-431,text,true,,17,0,269,269,null,0,0,0
1776589556699,110925,Shared DB,0,OK,Thread Group 1-670,text,true,,17,0,268,268,null,0,0,0
1776589555885,111739,Shared DB,0,OK,Thread Group 1-656,text,true,,17,0,268,268,null,0,0,0
1776589575374,92250,Shared DB,0,OK,Thread Group 1-916,text,true,,17,0,266,266,null,0,0,0
1776589538419,129208,Shared DB,0,OK,Thread Group 1-396,text,true,,17,0,265,265,null,0,0,0
1776589566433,101194,Shared DB,0,OK,Thread Group 1-803,text,true,,17,0,264,264,null,0,0,0
1776589565687,101941,Shared DB,0,OK,Thread Group 1-793,text,true,,17,0,263,263,null,0,0,0
1776589540296,127335,Shared DB,0,OK,Thread Group 1-427,text,true,,17,0,262,262,null,0,0,0
1776589570405,97225,Shared DB,0,OK,Thread Group 1-853,text,true,,17,0,262,262,null,0,0,0
1776589531402,136230,Shared DB,0,OK,Thread Group 1-235,text,true,,17,0,262,262,null,0,0,0
1776589533487,134145,Shared DB,0,OK,Thread Group 1-294,text,true,,17,0,262,262,null,0,0,0
1776589555800,111832,Shared DB,0,OK,Thread Group 1-654,text,true,,17,0,258,258,null,0,0,0
1776589558882,108750,Shared DB,0,OK,Thread Group 1-702,text,true,,17,0,258,258,null,0,0,0
1776589571472,96159,Shared DB,0,OK,Thread Group 1-867,text,true,,17,0,257,257,null,0,0,0
1776589559829,107803,Shared DB,0,OK,Thread Group 1-714,text,true,,17,0,257,257,null,0,0,0
1776589577889,89743,Shared DB,0,OK,Thread Group 1-949,text,true,,17,0,255,255,null,0,0,0
1776589543823,123811,Shared DB,0,OK,Thread Group 1-478,text,true,,17,0,254,254,null,0,0,0
1776589560642,106991,Shared DB,0,OK,Thread Group 1-726,text,true,,17,0,252,252,null,0,0,0
1776589567408,100225,Shared DB,0,OK,Thread Group 1-815,text,true,,17,0,251,251,null,0,0,0
1776589569295,98339,Shared DB,0,OK,Thread Group 1-837,text,true,,17,0,250,250,null,0,0,0
1776589576338,91295,Shared DB,0,OK,Thread Group 1-927,text,true,,17,0,250,250,null,0,0,0
1776589566040,101593,Shared DB,0,OK,Thread Group 1-796,text,true,,17,0,249,249,null,0,0,0
1776589570554,97081,Shared DB,0,OK,Thread Group 1-855,text,true,,17,0,247,247,null,0,0,0
1776589558606,109030,Shared DB,0,OK,Thread Group 1-698,text,true,,17,0,246,246,null,0,0,0
1776589575828,91807,Shared DB,0,OK,Thread Group 1-921,text,true,,17,0,246,246,null,0,0,0
1776589575461,92175,Shared DB,0,OK,Thread Group 1-918,text,true,,17,0,244,244,null,0,0,0
1776589570258,97379,Shared DB,0,OK,Thread Group 1-851,text,true,,17,0,244,244,null,0,0,0
1776589532993,134646,Shared DB,0,OK,Thread Group 1-284,text,true,,17,0,244,244,null,0,0,0
1776589540694,126944,Shared DB,0,OK,Thread Group 1-434,text,true,,17,0,241,241,null,0,0,0
1776589569387,98250,Shared DB,0,OK,Thread Group 1-839,text,true,,17,0,241,241,null,0,0,0
1776589531129,136509,Shared DB,0,OK,Thread Group 1-231,text,true,,17,0,241,241,null,0,0,0
1776589561374,106262,Shared DB,0,OK,Thread Group 1-738,text,true,,17,0,241,241,null,0,0,0
1776589572438,95199,Shared DB,0,OK,Thread Group 1-882,text,true,,17,0,240,240,null,0,0,0
1776589562353,105285,Shared DB,0,OK,Thread Group 1-749,text,true,,17,0,236,236,null,0,0,0
1776589550916,116727,Shared DB,0,OK,Thread Group 1-584,text,true,,17,0,235,235,null,0,0,0
1776589547121,120525,Shared DB,0,OK,Thread Group 1-525,text,true,,17,0,234,234,null,0,0,0
1776589561306,106342,Shared DB,0,OK,Thread Group 1-737,text,true,,17,0,233,233,null,0,0,0
1776589538368,129288,Shared DB,0,OK,Thread Group 1-393,text,true,,17,0,232,232,null,0,0,0
1776589562965,104691,Shared DB,0,OK,Thread Group 1-759,text,true,,17,0,232,232,null,0,0,0
1776589570311,97347,Shared DB,0,OK,Thread Group 1-852,text,true,,17,0,232,232,null,0,0,0
1776589551536,116124,Shared DB,0,OK,Thread Group 1-595,text,true,,17,0,232,232,null,0,0,0
1776589534479,133187,Shared DB,0,OK,Thread Group 1-311,text,true,,17,0,232,232,null,0,0,0
1776589567721,99948,Shared DB,0,OK,Thread Group 1-820,text,true,,17,0,232,232,null,0,0,0
1776589530498,137173,Shared DB,0,OK,Thread Group 1-209,text,true,,17,0,232,232,null,0,0,0
1776589542107,125565,Shared DB,0,OK,Thread Group 1-455,text,true,,17,0,232,232,null,0,0,0
1776589530137,137537,Shared DB,0,OK,Thread Group 1-150,text,true,,17,0,232,232,null,0,0,0
1776589543770,123904,Shared DB,0,OK,Thread Group 1-477,text,true,,17,0,232,232,null,0,0,0
1776589567238,100436,Shared DB,0,OK,Thread Group 1-812,text,true,,17,0,232,232,null,0,0,0
1776589574169,93504,Shared DB,0,OK,Thread Group 1-905,text,true,,17,0,232,232,null,0,0,0
1776589542618,125058,Shared DB,0,OK,Thread Group 1-462,text,true,,17,0,232,232,null,0,0,0
1776589536607,131069,Shared DB,0,OK,Thread Group 1-356,text,true,,17,0,232,232,null,0,0,0
1776589554934,112742,Shared DB,0,OK,Thread Group 1-642,text,true,,17,0,232,232,null,0,0,0
1776589532418,135261,Shared DB,0,OK,Thread Group 1-271,text,true,,17,0,217,217,null,0,0,0
1776589565047,102630,Shared DB,0,OK,Thread Group 1-786,text,true,,17,0,216,216,null,0,0,0
1776589560084,107594,Shared DB,0,OK,Thread Group 1-718,text,true,,17,0,216,216,null,0,0,0
1776589548029,119650,Shared DB,0,OK,Thread Group 1-536,text,true,,17,0,214,214,null,0,0,0
1776589547127,120552,Shared DB,0,OK,Thread Group 1-526,text,true,,17,0,214,214,null,0,0,0
1776589571780,95898,Shared DB,0,OK,Thread Group 1-871,text,true,,17,0,214,214,null,0,0,0
1776589532215,135468,Shared DB,0,OK,Thread Group 1-266,text,true,,17,0,211,211,null,0,0,0
1776589531204,136478,Shared DB,0,OK,Thread Group 1-199,text,true,,17,0,211,211,null,0,0,0
1776589556487,111195,Shared DB,0,OK,Thread Group 1-664,text,true,,17,0,209,209,null,0,0,0
1776589574922,92759,Shared DB,0,OK,Thread Group 1-912,text,true,,17,0,208,208,null,0,0,0
1776589531607,136078,Shared DB,0,OK,Thread Group 1-245,text,true,,17,0,207,207,null,0,0,0
1776589574004,93679,Shared DB,0,OK,Thread Group 1-904,text,true,,17,0,206,206,null,0,0,0
1776589560235,107449,Shared DB,0,OK,Thread Group 1-720,text,true,,17,0,205,205,null,0,0,0
1776589562315,105369,Shared DB,0,OK,Thread Group 1-748,text,true,,17,0,204,204,null,0,0,0
1776589536313,131373,Shared DB,0,OK,Thread Group 1-350,text,true,,17,0,204,203,null,0,0,0
1776589534312,133377,Shared DB,0,OK,Thread Group 1-307,text,true,,17,0,202,202,null,0,0,0
1776589564978,102708,Shared DB,0,OK,Thread Group 1-785,text,true,,17,0,202,202,null,0,0,0
1776589560449,107238,Shared DB,0,OK,Thread Group 1-723,text,true,,17,0,202,202,null,0,0,0
1776589544602,123087,Shared DB,0,OK,Thread Group 1-489,text,true,,17,0,199,199,null,0,0,0
1776589539769,127920,Shared DB,0,OK,Thread Group 1-417,text,true,,17,0,198,198,null,0,0,0
1776589562282,105406,Shared DB,0,OK,Thread Group 1-747,text,true,,17,0,198,198,null,0,0,0
1776589542455,125235,Shared DB,0,OK,Thread Group 1-460,text,true,,17,0,197,197,null,0,0,0
1776589556613,111078,Shared DB,0,OK,Thread Group 1-666,text,true,,17,0,195,195,null,0,0,0
1776589530421,137271,Shared DB,0,OK,Thread Group 1-203,text,true,,17,0,194,194,null,0,0,0
1776589539232,128461,Shared DB,0,OK,Thread Group 1-409,text,true,,17,0,193,193,null,0,0,0
1776589567825,99867,Shared DB,0,OK,Thread Group 1-821,text,true,,17,0,193,193,null,0,0,0
1776589571855,95837,Shared DB,0,OK,Thread Group 1-872,text,true,,17,0,191,191,null,0,0,0
1776589574603,93090,Shared DB,0,OK,Thread Group 1-909,text,true,,17,0,190,190,null,0,0,0
1776589568000,99695,Shared DB,0,OK,Thread Group 1-824,text,true,,17,0,189,189,null,0,0,0
1776589532245,135454,Shared DB,0,OK,Thread Group 1-267,text,true,,17,0,188,188,null,0,0,0
1776589559381,108317,Shared DB,0,OK,Thread Group 1-708,text,true,,17,0,187,187,null,0,0,0
1776589568334,99365,Shared DB,0,OK,Thread Group 1-827,text,true,,17,0,186,186,null,0,0,0
1776589548815,118883,Shared DB,0,OK,Thread Group 1-550,text,true,,17,0,186,186,null,0,0,0
1776589559994,107706,Shared DB,0,OK,Thread Group 1-717,text,true,,17,0,184,184,null,0,0,0
1776589563100,104599,Shared DB,0,OK,Thread Group 1-762,text,true,,17,0,183,183,null,0,0,0
1776589551233,116469,Shared DB,0,OK,Thread Group 1-590,text,true,,17,0,182,182,null,0,0,0
1776589548352,119351,Shared DB,0,OK,Thread Group 1-540,text,true,,17,0,181,181,null,0,0,0
1776589551603,116101,Shared DB,0,OK,Thread Group 1-596,text,true,,17,0,181,181,null,0,0,0
1776589553918,113787,Shared DB,0,OK,Thread Group 1-630,text,true,,17,0,180,180,null,0,0,0
1776589535332,132375,Shared DB,0,OK,Thread Group 1-328,text,true,,17,0,180,180,null,0,0,0
1776589573663,94041,Shared DB,0,OK,Thread Group 1-900,text,true,,17,0,180,180,null,0,0,0
1776589541702,126004,Shared DB,0,OK,Thread Group 1-447,text,true,,17,0,180,180,null,0,0,0
1776589558025,109680,Shared DB,0,OK,Thread Group 1-691,text,true,,17,0,180,180,null,0,0,0
1776589530277,137429,Shared DB,0,OK,Thread Group 1-176,text,true,,17,0,179,179,null,0,0,0
1776589551259,116446,Shared DB,0,OK,Thread Group 1-592,text,true,,17,0,179,179,null,0,0,0
1776589570856,96850,Shared DB,0,OK,Thread Group 1-858,text,true,,17,0,172,172,null,0,0,0
1776589567533,100173,Shared DB,0,OK,Thread Group 1-817,text,true,,17,0,172,172,null,0,0,0
1776589572708,94999,Shared DB,0,OK,Thread Group 1-887,text,true,,17,0,170,170,null,0,0,0
1776589530347,137363,Shared DB,0,OK,Thread Group 1-190,text,true,,17,0,170,170,null,0,0,0
1776589560365,107344,Shared DB,0,OK,Thread Group 1-722,text,true,,17,0,168,168,null,0,0,0
1776589568726,98985,Shared DB,0,OK,Thread Group 1-832,text,true,,17,0,167,167,null,0,0,0
1776589545506,122206,Shared DB,0,OK,Thread Group 1-502,text,true,,17,0,167,167,null,0,0,0
1776589545282,122432,Shared DB,0,OK,Thread Group 1-498,text,true,,17,0,165,165,null,0,0,0
1776589543686,124028,Shared DB,0,OK,Thread Group 1-476,text,true,,17,0,164,164,null,0,0,0
1776589573565,94148,Shared DB,0,OK,Thread Group 1-899,text,true,,17,0,163,163,null,0,0,0
1776589556756,110958,Shared DB,0,OK,Thread Group 1-671,text,true,,17,0,163,163,null,0,0,0
1776589563230,104483,Shared DB,0,OK,Thread Group 1-764,text,true,,17,0,162,162,null,0,0,0
1776589547313,120406,Shared DB,0,OK,Thread Group 1-528,text,true,,17,0,160,160,null,0,0,0
1776589556661,111058,Shared DB,0,OK,Thread Group 1-669,text,true,,17,0,160,160,null,0,0,0
1776589550240,117479,Shared DB,0,OK,Thread Group 1-573,text,true,,17,0,160,160,null,0,0,0
1776589541783,125938,Shared DB,0,OK,Thread Group 1-449,text,true,,17,0,157,157,null,0,0,0
1776589536444,131278,Shared DB,0,OK,Thread Group 1-353,text,true,,17,0,156,156,null,0,0,0
1776589571180,96542,Shared DB,0,OK,Thread Group 1-863,text,true,,17,0,155,155,null,0,0,0
1776589577312,90410,Shared DB,0,OK,Thread Group 1-941,text,true,,17,0,154,154,null,0,0,0
1776589547263,120460,Shared DB,0,OK,Thread Group 1-527,text,true,,17,0,153,153,null,0,0,0
1776589573046,94677,Shared DB,0,OK,Thread Group 1-891,text,true,,17,0,152,152,null,0,0,0
1776589536792,130933,Shared DB,0,OK,Thread Group 1-362,text,true,,17,0,152,152,null,0,0,0
1776589550454,117271,Shared DB,0,OK,Thread Group 1-578,text,true,,17,0,150,150,null,0,0,0
1776589546804,120921,Shared DB,0,OK,Thread Group 1-519,text,true,,17,0,150,150,null,0,0,0
1776589530592,137135,Shared DB,0,OK,Thread Group 1-213,text,true,,17,0,148,148,null,0,0,0
1776589559551,108176,Shared DB,0,OK,Thread Group 1-711,text,true,,17,0,147,147,null,0,0,0
1776589533439,134291,Shared DB,0,OK,Thread Group 1-293,text,true,,17,0,146,146,null,0,0,0
1776589551909,115820,Shared DB,0,OK,Thread Group 1-601,text,true,,17,0,145,145,null,0,0,0
1776589540832,126899,Shared DB,0,OK,Thread Group 1-436,text,true,,17,0,144,144,null,0,0,0
1776589540077,127654,Shared DB,0,OK,Thread Group 1-423,text,true,,17,0,144,144,null,0,0,0
1776589553509,114222,Shared DB,0,OK,Thread Group 1-625,text,true,,17,0,142,142,null,0,0,0
1776589556911,110821,Shared DB,0,OK,Thread Group 1-673,text,true,,17,0,141,141,null,0,0,0
1776589550144,117588,Shared DB,0,OK,Thread Group 1-571,text,true,,17,0,141,141,null,0,0,0
1776589558098,109635,Shared DB,0,OK,Thread Group 1-692,text,true,,17,0,139,139,null,0,0,0
1776589562422,105311,Shared DB,0,OK,Thread Group 1-750,text,true,,17,0,138,138,null,0,0,0
1776589558181,109558,Shared DB,0,OK,Thread Group 1-693,text,true,,17,0,137,137,null,0,0,0
1776589544996,122760,Shared DB,0,OK,Thread Group 1-494,text,true,,17,0,136,136,null,0,0,0
1776589535438,132321,Shared DB,0,OK,Thread Group 1-330,text,true,,17,0,135,135,null,0,0,0
1776589567865,99893,Shared DB,0,OK,Thread Group 1-822,text,true,,17,0,134,134,null,0,0,0
1776589566260,101499,Shared DB,0,OK,Thread Group 1-801,text,true,,17,0,133,133,null,0,0,0
1776589576797,90961,Shared DB,0,OK,Thread Group 1-933,text,true,,17,0,133,133,null,0,0,0
1776589577104,90658,Shared DB,0,OK,Thread Group 1-936,text,true,,17,0,131,131,null,0,0,0
1776589534798,132969,Shared DB,0,OK,Thread Group 1-317,text,true,,17,0,130,130,null,0,0,0
1776589542944,124824,Shared DB,0,OK,Thread Group 1-467,text,true,,17,0,129,129,null,0,0,0
1776589551769,115998,Shared DB,0,OK,Thread Group 1-599,text,true,,17,0,129,129,null,0,0,0
1776589552797,114971,Shared DB,0,OK,Thread Group 1-616,text,true,,17,0,127,127,null,0,0,0
1776589565552,102215,Shared DB,0,OK,Thread Group 1-792,text,true,,17,0,126,126,null,0,0,0
1776589536713,131057,Shared DB,0,OK,Thread Group 1-359,text,true,,17,0,125,125,null,0,0,0
1776589536909,130861,Shared DB,0,OK,Thread Group 1-366,text,true,,17,0,124,124,null,0,0,0
1776589545751,122021,Shared DB,0,OK,Thread Group 1-504,text,true,,17,0,123,123,null,0,0,0
1776589554782,112996,Shared DB,0,OK,Thread Group 1-641,text,true,,17,0,122,122,null,0,0,0
1776589530441,137338,Shared DB,0,OK,Thread Group 1-205,text,true,,17,0,122,122,null,0,0,0
1776589562076,105702,Shared DB,0,OK,Thread Group 1-745,text,true,,17,0,120,120,null,0,0,0
1776589550276,117503,Shared DB,0,OK,Thread Group 1-574,text,true,,17,0,119,119,null,0,0,0
1776589551161,116618,Shared DB,0,OK,Thread Group 1-588,text,true,,17,0,118,118,null,0,0,0
1776589554352,113428,Shared DB,0,OK,Thread Group 1-636,text,true,,17,0,117,117,null,0,0,0
1776589536904,130877,Shared DB,0,OK,Thread Group 1-365,text,true,,17,0,117,117,null,0,0,0
1776589562167,105613,Shared DB,0,OK,Thread Group 1-746,text,true,,17,0,115,115,null,0,0,0
1776589563495,104285,Shared DB,0,OK,Thread Group 1-767,text,true,,17,0,115,115,null,0,0,0
1776589573509,94272,Shared DB,0,OK,Thread Group 1-898,text,true,,17,0,113,113,null,0,0,0
1776589558359,109427,Shared DB,0,OK,Thread Group 1-696,text,true,,17,0,112,112,null,0,0,0
1776589564641,103146,Shared DB,0,OK,Thread Group 1-780,text,true,,17,0,111,111,null,0,0,0
1776589557192,110616,Shared DB,0,OK,Thread Group 1-677,text,true,,17,0,110,110,null,0,0,0
1776589561813,105994,Shared DB,0,OK,Thread Group 1-742,text,true,,17,0,110,110,null,0,0,0
1776589560178,107630,Shared DB,0,OK,Thread Group 1-719,text,true,,17,0,110,110,null,0,0,0
1776589545873,121939,Shared DB,0,OK,Thread Group 1-507,text,true,,17,0,107,107,null,0,0,0
1776589573342,94468,Shared DB,0,OK,Thread Group 1-896,text,true,,17,0,107,107,null,0,0,0
1776589547506,120305,Shared DB,0,OK,Thread Group 1-530,text,true,,17,0,106,106,null,0,0,0
1776589574474,93336,Shared DB,0,OK,Thread Group 1-908,text,true,,17,0,104,104,null,0,0,0
1776589530088,137748,Shared DB,0,OK,Thread Group 1-141,text,true,,17,0,103,103,null,0,0,0
1776589547697,120152,Shared DB,0,OK,Thread Group 1-532,text,true,,17,0,102,102,null,0,0,0
1776589557653,110201,Shared DB,0,OK,Thread Group 1-684,text,true,,17,0,101,101,null,0,0,0
1776589535174,132693,Shared DB,0,OK,Thread Group 1-324,text,true,,17,0,100,100,null,0,0,0
1776589549768,118149,Shared DB,0,OK,Thread Group 1-564,text,true,,17,0,99,99,null,0,0,0
1776589549773,118144,Shared DB,0,OK,Thread Group 1-565,text,true,,17,0,98,98,null,0,0,0
1776589566341,101588,Shared DB,0,OK,Thread Group 1-802,text,true,,17,0,97,97,null,0,0,0
1776589533569,134366,Shared DB,0,OK,Thread Group 1-295,text,true,,17,0,96,96,null,0,0,0
1776589566091,101841,Shared DB,0,OK,Thread Group 1-798,text,true,,17,0,96,96,null,0,0,0
1776589536710,131224,Shared DB,0,OK,Thread Group 1-358,text,true,,17,0,94,94,null,0,0,0
1776589572662,95271,Shared DB,0,OK,Thread Group 1-886,text,true,,17,0,94,94,null,0,0,0
1776589555687,112247,Shared DB,0,OK,Thread Group 1-653,text,true,,17,0,92,92,null,0,0,0
1776589575063,92871,Shared DB,0,OK,Thread Group 1-913,text,true,,17,0,92,92,null,0,0,0
1776589534774,133163,Shared DB,0,OK,Thread Group 1-316,text,true,,17,0,91,91,null,0,0,0
1776589556625,111319,Shared DB,0,OK,Thread Group 1-668,text,true,,17,0,89,89,null,0,0,0
1776589538010,129937,Shared DB,0,OK,Thread Group 1-387,text,true,,17,0,88,88,null,0,0,0
1776589570466,97480,Shared DB,0,OK,Thread Group 1-854,text,true,,17,0,88,88,null,0,0,0
1776589543339,124608,Shared DB,0,OK,Thread Group 1-473,text,true,,17,0,86,86,null,0,0,0
1776589570927,97019,Shared DB,0,OK,Thread Group 1-859,text,true,,17,0,86,86,null,0,0,0
1776589557966,109981,Shared DB,0,OK,Thread Group 1-690,text,true,,17,0,84,84,null,0,0,0
1776589560908,107040,Shared DB,0,OK,Thread Group 1-731,text,true,,17,0,83,83,null,0,0,0
1776589540658,127292,Shared DB,0,OK,Thread Group 1-433,text,true,,17,0,83,83,null,0,0,0
1776589553099,114850,Shared DB,0,OK,Thread Group 1-619,text,true,,17,0,82,82,null,0,0,0
1776589559895,108055,Shared DB,0,OK,Thread Group 1-715,text,true,,17,0,80,80,null,0,0,0
1776589564164,103785,Shared DB,0,OK,Thread Group 1-775,text,true,,17,0,80,80,null,0,0,0
1776589537007,130945,Shared DB,0,OK,Thread Group 1-370,text,true,,17,0,78,78,null,0,0,0
1776589530247,137706,Shared DB,0,OK,Thread Group 1-172,text,true,,17,0,77,77,null,0,0,0
1776589566752,101200,Shared DB,0,OK,Thread Group 1-806,text,true,,17,0,77,77,null,0,0,0
1776589555277,112676,Shared DB,0,OK,Thread Group 1-647,text,true,,17,0,75,75,null,0,0,0
1776589552137,115817,Shared DB,0,OK,Thread Group 1-606,text,true,,17,0,74,74,null,0,0,0
1776589535688,132268,Shared DB,0,OK,Thread Group 1-336,text,true,,17,0,74,74,null,0,0,0
1776589565822,102131,Shared DB,0,OK,Thread Group 1-794,text,true,,17,0,72,72,null,0,0,0
1776589535820,132137,Shared DB,0,OK,Thread Group 1-340,text,true,,17,0,71,71,null,0,0,0
1776589535453,132505,Shared DB,0,OK,Thread Group 1-331,text,true,,17,0,70,70,null,0,0,0
1776589530199,137758,Shared DB,0,OK,Thread Group 1-162,text,true,,17,0,69,69,null,0,0,0
1776589559939,108017,Shared DB,0,OK,Thread Group 1-716,text,true,,17,0,69,69,null,0,0,0
1776589538071,129887,Shared DB,0,OK,Thread Group 1-388,text,true,,17,0,67,67,null,0,0,0
1776589534338,133623,Shared DB,0,OK,Thread Group 1-308,text,true,,17,0,66,66,null,0,0,0
1776589539156,128804,Shared DB,0,OK,Thread Group 1-407,text,true,,17,0,66,66,null,0,0,0
1776589565135,102823,Shared DB,0,OK,Thread Group 1-787,text,true,,17,0,66,66,null,0,0,0
1776589538627,129333,Shared DB,0,OK,Thread Group 1-398,text,true,,17,0,66,66,null,0,0,0
1776589557507,110452,Shared DB,0,OK,Thread Group 1-682,text,true,,17,0,63,63,null,0,0,0
1776589532127,135835,Shared DB,0,OK,Thread Group 1-264,text,true,,17,0,61,61,null,0,0,0
1776589553155,114806,Shared DB,0,OK,Thread Group 1-620,text,true,,17,0,60,60,null,0,0,0
1776589540908,127055,Shared DB,0,OK,Thread Group 1-437,text,true,,17,0,59,59,null,0,0,0
1776589566933,101029,Shared DB,0,OK,Thread Group 1-808,text,true,,17,0,59,59,null,0,0,0
1776589532284,135680,Shared DB,0,OK,Thread Group 1-268,text,true,,17,0,57,57,null,0,0,0
1776589546023,121941,Shared DB,0,OK,Thread Group 1-510,text,true,,17,0,56,56,null,0,0,0
1776589530262,137703,Shared DB,0,OK,Thread Group 1-175,text,true,,17,0,56,56,null,0,0,0
1776589555579,112385,Shared DB,0,OK,Thread Group 1-651,text,true,,17,0,55,55,null,0,0,0
1776589559198,108766,Shared DB,0,OK,Thread Group 1-706,text,true,,17,0,54,54,null,0,0,0
1776589530076,137890,Shared DB,0,OK,Thread Group 1-138,text,true,,17,0,52,52,null,0,0,0
1776589571974,95990,Shared DB,0,OK,Thread Group 1-876,text,true,,17,0,52,52,null,0,0,0
1776589563553,104411,Shared DB,0,OK,Thread Group 1-769,text,true,,17,0,52,52,null,0,0,0
1776589572474,95491,Shared DB,0,OK,Thread Group 1-883,text,true,,17,0,52,52,null,0,0,0
1776589566476,101490,Shared DB,0,OK,Thread Group 1-804,text,true,,17,0,48,48,null,0,0,0
1776589566186,101782,Shared DB,0,OK,Thread Group 1-800,text,true,,17,0,47,47,null,0,0,0
1776589538164,129809,Shared DB,0,OK,Thread Group 1-390,text,true,,17,0,46,46,null,0,0,0
1776589567314,100663,Shared DB,0,OK,Thread Group 1-813,text,true,,17,0,45,45,null,0,0,0
1776589533085,134896,Shared DB,0,OK,Thread Group 1-732,text,true,,17,0,44,44,null,0,0,0
1776589545339,122642,Shared DB,0,OK,Thread Group 1-499,text,true,,17,0,43,43,null,0,0,0
1776589552567,115414,Shared DB,0,OK,Thread Group 1-611,text,true,,17,0,42,42,null,0,0,0
1776589558461,109523,Shared DB,0,OK,Thread Group 1-697,text,true,,17,0,41,41,null,0,0,0
1776589531899,136091,Shared DB,0,OK,Thread Group 1-256,text,true,,17,0,40,40,null,0,0,0
1776589555226,112762,Shared DB,0,OK,Thread Group 1-646,text,true,,17,0,40,40,null,0,0,0
1776589567906,100083,Shared DB,0,OK,Thread Group 1-823,text,true,,17,0,38,38,null,0,0,0
1776589542525,125469,Shared DB,0,OK,Thread Group 1-461,text,true,,17,0,37,37,null,0,0,0
1776589553042,114956,Shared DB,0,OK,Thread Group 1-618,text,true,,17,0,36,36,null,0,0,0
1776589537426,130578,Shared DB,0,OK,Thread Group 1-379,text,true,,17,0,35,35,null,0,0,0
1776589558822,109182,Shared DB,0,OK,Thread Group 1-701,text,true,,17,0,34,34,null,0,0,0
1776589530390,137617,Shared DB,0,OK,Thread Group 1-198,text,true,,17,0,33,33,null,0,0,0
1776589535144,132867,Shared DB,0,OK,Thread Group 1-323,text,true,,17,0,32,32,null,0,0,0
1776589571931,96087,Shared DB,0,OK,Thread Group 1-875,text,true,,17,0,31,31,null,0,0,0
1776589553368,114654,Shared DB,0,OK,Thread Group 1-623,text,true,,17,0,30,30,null,0,0,0
1776589568230,99792,Shared DB,0,OK,Thread Group 1-826,text,true,,17,0,30,30,null,0,0,0
1776589539937,128149,Shared DB,0,OK,Thread Group 1-421,text,true,,17,0,28,28,null,0,0,0
1776589548926,119159,Shared DB,0,OK,Thread Group 1-552,text,true,,17,0,27,27,null,0,0,0
1776589557792,110293,Shared DB,0,OK,Thread Group 1-688,text,true,,17,0,27,27,null,0,0,0
1776589544855,123233,Shared DB,0,OK,Thread Group 1-492,text,true,,17,0,25,25,null,0,0,0
1776589531079,137031,Shared DB,0,OK,Thread Group 1-229,text,true,,17,0,24,24,null,0,0,0
1776589555033,113079,Shared DB,0,OK,Thread Group 1-643,text,true,,17,0,23,23,null,0,0,0
1776589537464,130652,Shared DB,0,OK,Thread Group 1-380,text,true,,17,0,22,22,null,0,0,0
1776589563055,105068,Shared DB,1,OK,Thread Group 1-761,text,true,,236,0,21,21,null,0,0,0
1776589549317,118808,Shared DB,0,OK,Thread Group 1-557,text,true,,17,0,21,21,null,0,0,0
1776589551382,116745,Shared DB,0,OK,Thread Group 1-593,text,true,,17,0,19,19,null,0,0,0
1776589535385,132746,Shared DB,0,OK,Thread Group 1-329,text,true,,17,0,18,18,null,0,0,0
1776589556954,111175,Shared DB,0,OK,Thread Group 1-674,text,true,,17,0,18,18,null,0,0,0
1776589548731,119398,Shared DB,0,OK,Thread Group 1-547,text,true,,17,0,18,18,null,0,0,0
1776589546766,121364,Shared DB,0,OK,Thread Group 1-518,text,true,,17,0,15,15,null,0,0,0
1776589548633,119502,Shared DB,0,OK,Thread Group 1-545,text,true,,17,0,14,14,null,0,0,0
1776589538136,130001,Shared DB,0,OK,Thread Group 1-391,text,true,,17,0,14,14,null,0,0,0
1776589536257,131881,Shared DB,0,OK,Thread Group 1-349,text,true,,17,0,12,12,null,0,0,0
1776589562620,105526,Shared DB,0,OK,Thread Group 1-754,text,true,,17,0,11,11,null,0,0,0
1776589530992,137158,Shared DB,0,OK,Thread Group 1-226,text,true,,17,0,10,10,null,0,0,0
1776589531056,137094,Shared DB,0,OK,Thread Group 1-228,text,true,,17,0,10,10,null,0,0,0
1776589554683,113467,Shared DB,0,OK,Thread Group 1-640,text,true,,17,0,8,8,null,0,0,0
1776589552683,115467,Shared DB,0,OK,Thread Group 1-614,text,true,,17,0,8,8,null,0,0,0
1776589532560,135598,Shared DB,0,OK,Thread Group 1-274,text,true,,17,0,6,6,null,0,0,0
1776589567538,100740,Shared DB,0,OK,Thread Group 1-818,text,true,,17,0,5,5,null,0,0,0
1776589548581,119759,Shared DB,0,OK,Thread Group 1-544,text,true,,17,0,4,4,null,0,0,0
1776589539271,129119,Shared DB,0,OK,Thread Group 1-405,text,true,,17,0,3,3,null,0,0,0
1776589573226,95162,Shared DB,0,OK,Thread Group 1-894,text,true,,17,0,3,3,null,0,0,0
1776589567105,101289,Shared DB,0,OK,Thread Group 1-810,text,true,,17,0,1,1,null,0,0,0
