1776590207752,3723,Shared DB,0,OK,Thread Group 1-1,text,true,,17,0,235,235,null,0,0,0
1776590207781,3791,Shared DB,0,OK,Thread Group 1-7,text,true,,17,0,236,236,null,0,0,0
1776590207762,4145,Shared DB,0,OK,Thread Group 1-3,text,true,,17,0,241,241,null,0,0,0
1776590207806,4160,Shared DB,0,OK,Thread Group 1-12,text,true,,17,0,241,241,null,0,0,0
1776590207766,4244,Shared DB,0,OK,Thread Group 1-4,text,true,,17,0,241,241,null,0,0,0
1776590207757,4404,Shared DB,0,OK,Thread Group 1-2,text,true,,17,0,243,243,null,0,0,0
1776590207804,4367,Shared DB,0,OK,Thread Group 1-11,text,true,,17,0,242,242,null,0,0,0
1776590207772,4720,Shared DB,0,OK,Thread Group 1-5,text,true,,17,0,248,248,null,0,0,0
1776590207792,5580,Shared DB,0,OK,Thread Group 1-9,text,true,,17,0,261,261,null,0,0,0
1776590207811,5813,Shared DB,0,OK,Thread Group 1-13,text,true,,17,0,264,264,null,0,0,0
1776590207797,5846,Shared DB,0,OK,Thread Group 1-10,text,true,,17,0,263,263,null,0,0,0
1776590207816,6584,Shared DB,0,OK,Thread Group 1-14,text,true,,17,0,278,278,null,0,0,0
1776590207826,7409,Shared DB,0,OK,Thread Group 1-16,text,true,,17,0,289,289,null,0,0,0
1776590207788,7497,Shared DB,0,OK,Thread Group 1-8,text,true,,17,0,289,289,null,0,0,0
1776590207831,7895,Shared DB,0,OK,Thread Group 1-17,text,true,,17,0,296,296,null,0,0,0
1776590207837,9415,Shared DB,0,OK,Thread Group 1-18,text,true,,17,0,327,327,null,0,0,0
1776590207822,11555,Shared DB,0,OK,Thread Group 1-15,text,true,,17,0,361,361,null,0,0,0
1776590207842,11562,Shared DB,0,OK,Thread Group 1-19,text,true,,17,0,361,361,null,0,0,0
1776590207777,13328,Shared DB,0,OK,Thread Group 1-6,text,true,,17,0,385,385,null,0,0,0
1776590207847,13750,Shared DB,0,OK,Thread Group 1-20,text,true,,17,0,391,391,null,0,0,0
1776590207851,18249,Shared DB,0,OK,Thread Group 1-21,text,true,,17,0,471,471,null,0,0,0
1776590207858,20370,Shared DB,0,OK,Thread Group 1-22,text,true,,17,0,506,506,null,0,0,0
1776590207863,21029,Shared DB,0,OK,Thread Group 1-23,text,true,,17,0,514,514,null,0,0,0
1776590207867,22234,Shared DB,0,OK,Thread Group 1-24,text,true,,17,0,532,532,null,0,0,0
1776590207872,25485,Shared DB,0,OK,Thread Group 1-25,text,true,,17,0,666,666,null,0,0,0
1776590207877,26361,Shared DB,0,OK,Thread Group 1-26,text,true,,17,0,675,675,null,0,0,0
1776590207883,28613,Shared DB,0,OK,Thread Group 1-27,text,true,,17,0,715,715,null,0,0,0
1776590207887,30688,Shared DB,0,OK,Thread Group 1-28,text,true,,17,0,742,742,null,0,0,0
1776590207892,32356,Shared DB,0,OK,Thread Group 1-29,text,true,,17,0,768,768,null,0,0,0
1776590207897,34057,Shared DB,0,OK,Thread Group 1-30,text,true,,17,0,791,791,null,0,0,0
1776590207902,36556,Shared DB,0,OK,Thread Group 1-31,text,true,,17,0,829,829,null,0,0,0
1776590207907,39541,Shared DB,0,OK,Thread Group 1-32,text,true,,17,0,867,867,null,0,0,0
1776590207913,42726,Shared DB,0,OK,Thread Group 1-33,text,true,,17,0,911,911,null,0,0,0
1776590207918,42778,Shared DB,0,OK,Thread Group 1-34,text,true,,17,0,910,910,null,0,0,0
1776590207922,42811,Shared DB,0,OK,Thread Group 1-35,text,true,,17,0,910,910,null,0,0,0
1776590207928,42963,Shared DB,0,OK,Thread Group 1-36,text,true,,17,0,910,910,null,0,0,0
1776590207932,43087,Shared DB,0,OK,Thread Group 1-37,text,true,,17,0,911,911,null,0,0,0
1776590207936,43191,Shared DB,0,OK,Thread Group 1-38,text,true,,17,0,911,911,null,0,0,0
1776590207943,43285,Shared DB,0,OK,Thread Group 1-39,text,true,,17,0,911,911,null,0,0,0
1776590207946,43285,Shared DB,0,OK,Thread Group 1-40,text,true,,17,0,910,910,null,0,0,0
1776590207952,43337,Shared DB,0,OK,Thread Group 1-41,text,true,,17,0,909,909,null,0,0,0
1776590207958,43431,Shared DB,0,OK,Thread Group 1-42,text,true,,17,0,909,909,null,0,0,0
1776590207962,43520,Shared DB,0,OK,Thread Group 1-43,text,true,,17,0,911,911,null,0,0,0
1776590207967,43614,Shared DB,0,OK,Thread Group 1-44,text,true,,17,0,911,911,null,0,0,0
1776590207973,43692,Shared DB,0,OK,Thread Group 1-45,text,true,,17,0,910,910,null,0,0,0
1776590207976,43735,Shared DB,0,OK,Thread Group 1-46,text,true,,17,0,910,910,null,0,0,0
1776590207982,43787,Shared DB,0,OK,Thread Group 1-47,text,true,,17,0,909,909,null,0,0,0
1776590207987,43886,Shared DB,0,OK,Thread Group 1-48,text,true,,17,0,909,909,null,0,0,0
1776590207991,43950,Shared DB,0,OK,Thread Group 1-49,text,true,,17,0,908,908,null,0,0,0
1776590207998,44025,Shared DB,0,OK,Thread Group 1-50,text,true,,17,0,909,909,null,0,0,0
1776590208003,44075,Shared DB,0,OK,Thread Group 1-51,text,true,,17,0,909,909,null,0,0,0
1776590208008,44139,Shared DB,0,OK,Thread Group 1-52,text,true,,17,0,909,909,null,0,0,0
1776590208013,44174,Shared DB,0,OK,Thread Group 1-53,text,true,,17,0,908,908,null,0,0,0
1776590208017,44190,Shared DB,0,OK,Thread Group 1-54,text,true,,17,0,907,907,null,0,0,0
1776590208022,44287,Shared DB,0,OK,Thread Group 1-55,text,true,,17,0,908,908,null,0,0,0
1776590208027,44410,Shared DB,0,OK,Thread Group 1-56,text,true,,17,0,910,910,null,0,0,0
1776590208031,44589,Shared DB,0,OK,Thread Group 1-57,text,true,,17,0,911,911,null,0,0,0
1776590208037,44583,Shared DB,0,OK,Thread Group 1-58,text,true,,17,0,911,911,null,0,0,0
1776590208041,44724,Shared DB,0,OK,Thread Group 1-59,text,true,,17,0,910,910,null,0,0,0
1776590208052,44802,Shared DB,0,OK,Thread Group 1-61,text,true,,17,0,909,909,null,0,0,0
1776590208047,44807,Shared DB,0,OK,Thread Group 1-60,text,true,,17,0,909,909,null,0,0,0
1776590208057,44855,Shared DB,0,OK,Thread Group 1-62,text,true,,17,0,908,908,null,0,0,0
1776590208062,44972,Shared DB,0,OK,Thread Group 1-63,text,true,,17,0,908,908,null,0,0,0
1776590208067,45075,Shared DB,0,OK,Thread Group 1-64,text,true,,17,0,909,909,null,0,0,0
1776590208073,45118,Shared DB,0,OK,Thread Group 1-65,text,true,,17,0,908,908,null,0,0,0
1776590208077,45165,Shared DB,0,OK,Thread Group 1-66,text,true,,17,0,907,907,null,0,0,0
1776590208082,45284,Shared DB,0,OK,Thread Group 1-67,text,true,,17,0,908,908,null,0,0,0
1776590208088,45338,Shared DB,0,OK,Thread Group 1-68,text,true,,17,0,907,907,null,0,0,0
1776590208092,45411,Shared DB,0,OK,Thread Group 1-69,text,true,,17,0,907,907,null,0,0,0
1776590208097,45464,Shared DB,0,OK,Thread Group 1-70,text,true,,17,0,907,907,null,0,0,0
1776590208104,45564,Shared DB,0,OK,Thread Group 1-71,text,true,,17,0,909,909,null,0,0,0
1776590208107,45677,Shared DB,0,OK,Thread Group 1-72,text,true,,17,0,910,910,null,0,0,0
1776590208111,45817,Shared DB,0,OK,Thread Group 1-73,text,true,,17,0,910,910,null,0,0,0
1776590208117,45957,Shared DB,0,OK,Thread Group 1-74,text,true,,17,0,912,912,null,0,0,0
1776590208122,46008,Shared DB,0,OK,Thread Group 1-75,text,true,,17,0,911,911,null,0,0,0
1776590208128,46097,Shared DB,0,OK,Thread Group 1-76,text,true,,17,0,912,912,null,0,0,0
1776590208132,46216,Shared DB,0,OK,Thread Group 1-77,text,true,,17,0,912,912,null,0,0,0
1776590208138,46277,Shared DB,0,OK,Thread Group 1-78,text,true,,17,0,912,912,null,0,0,0
1776590208142,46360,Shared DB,0,OK,Thread Group 1-79,text,true,,17,0,913,913,null,0,0,0
1776590208148,46355,Shared DB,0,OK,Thread Group 1-80,text,true,,17,0,912,912,null,0,0,0
1776590208154,46396,Shared DB,0,OK,Thread Group 1-81,text,true,,17,0,912,912,null,0,0,0
1776590208158,46495,Shared DB,0,OK,Thread Group 1-82,text,true,,17,0,912,912,null,0,0,0
1776590208161,46564,Shared DB,0,OK,Thread Group 1-83,text,true,,17,0,911,911,null,0,0,0
1776590208166,46677,Shared DB,0,OK,Thread Group 1-84,text,true,,17,0,912,912,null,0,0,0
1776590208171,46673,Shared DB,0,OK,Thread Group 1-85,text,true,,17,0,911,911,null,0,0,0
1776590208177,46699,Shared DB,0,OK,Thread Group 1-86,text,true,,17,0,910,910,null,0,0,0
1776590208182,46749,Shared DB,0,OK,Thread Group 1-87,text,true,,17,0,909,909,null,0,0,0
1776590208186,46936,Shared DB,0,OK,Thread Group 1-88,text,true,,17,0,913,913,null,0,0,0
1776590208192,46960,Shared DB,0,OK,Thread Group 1-89,text,true,,17,0,912,912,null,0,0,0
1776590208196,47093,Shared DB,0,OK,Thread Group 1-90,text,true,,17,0,911,911,null,0,0,0
1776590208203,47163,Shared DB,0,OK,Thread Group 1-91,text,true,,17,0,910,910,null,0,0,0
1776590208207,47186,Shared DB,0,OK,Thread Group 1-92,text,true,,17,0,909,909,null,0,0,0
1776590208212,47239,Shared DB,0,OK,Thread Group 1-93,text,true,,17,0,908,908,null,0,0,0
1776590208217,47281,Shared DB,0,OK,Thread Group 1-94,text,true,,17,0,907,907,null,0,0,0
1776590208222,47356,Shared DB,0,OK,Thread Group 1-95,text,true,,17,0,906,906,null,0,0,0
1776590208226,47413,Shared DB,0,OK,Thread Group 1-96,text,true,,17,0,905,905,null,0,0,0
1776590208232,47501,Shared DB,0,OK,Thread Group 1-97,text,true,,17,0,904,904,null,0,0,0
1776590208236,47573,Shared DB,0,OK,Thread Group 1-98,text,true,,17,0,903,903,null,0,0,0
1776590208241,47609,Shared DB,0,OK,Thread Group 1-99,text,true,,17,0,902,902,null,0,0,0
1776590208247,47705,Shared DB,0,OK,Thread Group 1-100,text,true,,17,0,901,901,null,0,0,0
1776590208252,47769,Shared DB,0,OK,Thread Group 1-101,text,true,,17,0,900,900,null,0,0,0
1776590208256,47813,Shared DB,0,OK,Thread Group 1-102,text,true,,17,0,899,899,null,0,0,0
1776590208261,47860,Shared DB,0,OK,Thread Group 1-103,text,true,,17,0,898,898,null,0,0,0
1776590208266,47886,Shared DB,0,OK,Thread Group 1-104,text,true,,17,0,897,897,null,0,0,0
1776590208272,47932,Shared DB,0,OK,Thread Group 1-105,text,true,,17,0,896,896,null,0,0,0
1776590208277,47968,Shared DB,0,OK,Thread Group 1-106,text,true,,17,0,895,895,null,0,0,0
1776590208282,48013,Shared DB,0,OK,Thread Group 1-107,text,true,,17,0,894,894,null,0,0,0
1776590208287,48114,Shared DB,0,OK,Thread Group 1-108,text,true,,17,0,893,893,null,0,0,0
1776590208295,48168,Shared DB,0,OK,Thread Group 1-109,text,true,,17,0,892,892,null,0,0,0
1776590208298,48236,Shared DB,0,OK,Thread Group 1-110,text,true,,17,0,891,891,null,0,0,0
1776590208305,48322,Shared DB,0,OK,Thread Group 1-111,text,true,,17,0,890,890,null,0,0,0
1776590208311,48390,Shared DB,0,OK,Thread Group 1-112,text,true,,17,0,889,889,null,0,0,0
1776590208314,48471,Shared DB,0,OK,Thread Group 1-113,text,true,,17,0,888,888,null,0,0,0
1776590208320,48552,Shared DB,0,OK,Thread Group 1-114,text,true,,17,0,887,887,null,0,0,0
1776590208323,48590,Shared DB,0,OK,Thread Group 1-115,text,true,,17,0,886,886,null,0,0,0
1776590208329,48627,Shared DB,0,OK,Thread Group 1-116,text,true,,17,0,885,885,null,0,0,0
1776590208333,48661,Shared DB,0,OK,Thread Group 1-117,text,true,,17,0,884,884,null,0,0,0
1776590208338,48745,Shared DB,0,OK,Thread Group 1-118,text,true,,17,0,883,883,null,0,0,0
1776590208343,48782,Shared DB,0,OK,Thread Group 1-119,text,true,,17,0,882,882,null,0,0,0
1776590208348,48859,Shared DB,0,OK,Thread Group 1-120,text,true,,17,0,881,881,null,0,0,0
1776590208353,48903,Shared DB,0,OK,Thread Group 1-121,text,true,,17,0,880,880,null,0,0,0
1776590208360,48945,Shared DB,0,OK,Thread Group 1-122,text,true,,17,0,879,879,null,0,0,0
1776590208364,49021,Shared DB,0,OK,Thread Group 1-123,text,true,,17,0,878,878,null,0,0,0
1776590208368,49055,Shared DB,0,OK,Thread Group 1-124,text,true,,17,0,877,877,null,0,0,0
1776590208373,49084,Shared DB,0,OK,Thread Group 1-125,text,true,,17,0,876,876,null,0,0,0
1776590208379,49079,Shared DB,0,OK,Thread Group 1-126,text,true,,17,0,875,875,null,0,0,0
1776590208384,49113,Shared DB,0,OK,Thread Group 1-127,text,true,,17,0,874,874,null,0,0,0
1776590208388,49167,Shared DB,0,OK,Thread Group 1-128,text,true,,17,0,873,873,null,0,0,0
1776590208393,49232,Shared DB,0,OK,Thread Group 1-129,text,true,,17,0,872,872,null,0,0,0
1776590208398,49287,Shared DB,0,OK,Thread Group 1-130,text,true,,17,0,871,871,null,0,0,0
1776590208402,49357,Shared DB,0,OK,Thread Group 1-131,text,true,,17,0,870,870,null,0,0,0
1776590208410,49408,Shared DB,0,OK,Thread Group 1-132,text,true,,17,0,869,869,null,0,0,0
1776590208414,49454,Shared DB,0,OK,Thread Group 1-133,text,true,,17,0,868,868,null,0,0,0
1776590208418,49495,Shared DB,0,OK,Thread Group 1-134,text,true,,17,0,867,867,null,0,0,0
1776590212049,81389,Shared DB,0,OK,Thread Group 1-247,text,true,,17,0,866,866,null,0,0,0
1776590209146,84930,Shared DB,0,OK,Thread Group 1-176,text,true,,17,0,866,866,null,0,0,0
1776590212945,80530,Shared DB,0,OK,Thread Group 1-262,text,true,,17,0,866,866,null,0,0,0
1776590215546,77909,Shared DB,0,OK,Thread Group 1-307,text,true,,17,0,866,866,null,0,0,0
1776590213292,80183,Shared DB,0,OK,Thread Group 1-268,text,true,,17,0,866,866,null,0,0,0
1776590225821,67647,Shared DB,0,OK,Thread Group 1-486,text,true,,17,0,866,866,null,0,0,0
1776590212981,80529,Shared DB,0,OK,Thread Group 1-264,text,true,,17,0,866,866,null,0,0,0
1776590215131,78351,Shared DB,0,OK,Thread Group 1-301,text,true,,17,0,866,866,null,0,0,0
1776590215075,78379,Shared DB,0,OK,Thread Group 1-300,text,true,,17,0,866,866,null,0,0,0
1776590212859,80616,Shared DB,0,OK,Thread Group 1-261,text,true,,17,0,866,866,null,0,0,0
1776590213368,80130,Shared DB,0,OK,Thread Group 1-269,text,true,,17,0,866,866,null,0,0,0
1776590211886,81553,Shared DB,0,OK,Thread Group 1-244,text,true,,17,0,866,866,null,0,0,0
1776590216740,76718,Shared DB,0,OK,Thread Group 1-331,text,true,,17,0,866,866,null,0,0,0
1776590221185,72294,Shared DB,0,OK,Thread Group 1-405,text,true,,17,0,866,866,null,0,0,0
1776590216400,77060,Shared DB,0,OK,Thread Group 1-323,text,true,,17,0,866,866,null,0,0,0
1776590212695,80743,Shared DB,0,OK,Thread Group 1-259,text,true,,17,0,866,866,null,0,0,0
1776590216003,77453,Shared DB,0,OK,Thread Group 1-315,text,true,,17,0,866,866,null,0,0,0
1776590214550,78956,Shared DB,0,OK,Thread Group 1-294,text,true,,17,0,866,866,null,0,0,0
1776590222938,70508,Shared DB,0,OK,Thread Group 1-435,text,true,,17,0,866,866,null,0,0,0
1776590212234,81221,Shared DB,0,OK,Thread Group 1-251,text,true,,17,0,866,866,null,0,0,0
1776590210905,82551,Shared DB,0,OK,Thread Group 1-227,text,true,,17,0,866,866,null,0,0,0
1776590215246,78221,Shared DB,0,OK,Thread Group 1-302,text,true,,17,0,866,866,null,0,0,0
1776590209836,84250,Shared DB,0,OK,Thread Group 1-197,text,true,,17,0,866,866,null,0,0,0
1776590209123,84963,Shared DB,0,OK,Thread Group 1-175,text,true,,17,0,866,866,null,0,0,0
1776590209009,85081,Shared DB,0,OK,Thread Group 1-171,text,true,,17,0,866,866,null,0,0,0
1776590213180,80258,Shared DB,0,OK,Thread Group 1-267,text,true,,17,0,866,866,null,0,0,0
1776590211993,81464,Shared DB,0,OK,Thread Group 1-246,text,true,,17,0,866,866,null,0,0,0
1776590209339,84747,Shared DB,0,OK,Thread Group 1-181,text,true,,17,0,866,866,null,0,0,0
1776590214351,79135,Shared DB,0,OK,Thread Group 1-288,text,true,,17,0,866,866,null,0,0,0
1776590216718,76786,Shared DB,0,OK,Thread Group 1-330,text,true,,17,0,866,866,null,0,0,0
1776590217676,75819,Shared DB,0,OK,Thread Group 1-348,text,true,,17,0,866,866,null,0,0,0
1776590215607,77833,Shared DB,0,OK,Thread Group 1-309,text,true,,17,0,866,866,null,0,0,0
1776590216690,76819,Shared DB,0,OK,Thread Group 1-329,text,true,,17,0,866,866,null,0,0,0
1776590212307,81134,Shared DB,0,OK,Thread Group 1-252,text,true,,17,0,866,866,null,0,0,0
1776590215690,77800,Shared DB,0,OK,Thread Group 1-310,text,true,,17,0,866,866,null,0,0,0
1776590216561,76936,Shared DB,0,OK,Thread Group 1-327,text,true,,17,0,866,866,null,0,0,0
1776590213017,80439,Shared DB,0,OK,Thread Group 1-265,text,true,,17,0,866,866,null,0,0,0
1776590214373,79089,Shared DB,0,OK,Thread Group 1-289,text,true,,17,0,866,866,null,0,0,0
1776590209592,83854,Shared DB,0,OK,Thread Group 1-189,text,true,,17,0,866,866,null,0,0,0
1776590222041,71457,Shared DB,0,OK,Thread Group 1-421,text,true,,17,0,866,866,null,0,0,0
1776590216633,76861,Shared DB,0,OK,Thread Group 1-328,text,true,,17,0,866,866,null,0,0,0
1776590215567,77889,Shared DB,0,OK,Thread Group 1-308,text,true,,17,0,866,866,null,0,0,0
1776590217105,76333,Shared DB,0,OK,Thread Group 1-339,text,true,,17,0,866,866,null,0,0,0
1776590211937,81517,Shared DB,0,OK,Thread Group 1-245,text,true,,17,0,866,866,null,0,0,0
1776590214450,79013,Shared DB,0,OK,Thread Group 1-292,text,true,,17,0,866,866,null,0,0,0
1776590215016,78435,Shared DB,0,OK,Thread Group 1-299,text,true,,17,0,866,866,null,0,0,0
1776590212417,81070,Shared DB,0,OK,Thread Group 1-254,text,true,,17,0,866,866,null,0,0,0
1776590209889,83565,Shared DB,0,OK,Thread Group 1-198,text,true,,17,0,866,866,null,0,0,0
1776590217328,76147,Shared DB,0,OK,Thread Group 1-343,text,true,,17,0,866,866,null,0,0,0
1776590216233,77276,Shared DB,0,OK,Thread Group 1-319,text,true,,17,0,866,866,null,0,0,0
1776590212976,81098,Shared DB,0,OK,Thread Group 1-263,text,true,,17,0,866,866,null,0,0,0
1776590208423,85016,Shared DB,0,OK,Thread Group 1-135,text,true,,17,0,866,866,null,0,0,0
1776590209708,84366,Shared DB,0,OK,Thread Group 1-194,text,true,,17,0,866,866,null,0,0,0
1776590215758,78318,Shared DB,0,OK,Thread Group 1-311,text,true,,17,0,866,866,null,0,0,0
1776590209603,84479,Shared DB,0,OK,Thread Group 1-190,text,true,,17,0,866,866,null,0,0,0
1776590209734,84348,Shared DB,0,OK,Thread Group 1-195,text,true,,17,0,866,866,null,0,0,0
1776590223484,69977,Shared DB,0,OK,Thread Group 1-444,text,true,,17,0,866,866,null,0,0,0
1776590211532,82552,Shared DB,0,OK,Thread Group 1-238,text,true,,17,0,866,866,null,0,0,0
1776590209359,84725,Shared DB,0,OK,Thread Group 1-182,text,true,,17,0,866,866,null,0,0,0
1776590209292,84792,Shared DB,0,OK,Thread Group 1-180,text,true,,17,0,866,866,null,0,0,0
1776590209564,84523,Shared DB,0,OK,Thread Group 1-188,text,true,,17,0,866,866,null,0,0,0
1776590209065,85020,Shared DB,0,OK,Thread Group 1-173,text,true,,17,0,866,866,null,0,0,0
1776590209095,84990,Shared DB,0,OK,Thread Group 1-174,text,true,,17,0,866,866,null,0,0,0
1776590208827,85259,Shared DB,0,OK,Thread Group 1-163,text,true,,17,0,866,866,null,0,0,0
1776590209662,84424,Shared DB,0,OK,Thread Group 1-193,text,true,,17,0,866,866,null,0,0,0
1776590209470,84615,Shared DB,0,OK,Thread Group 1-185,text,true,,17,0,866,866,null,0,0,0
1776590208866,85219,Shared DB,0,OK,Thread Group 1-165,text,true,,17,0,866,866,null,0,0,0
1776590209226,84860,Shared DB,0,OK,Thread Group 1-178,text,true,,17,0,866,866,null,0,0,0
1776590209428,84661,Shared DB,0,OK,Thread Group 1-184,text,true,,17,0,866,866,null,0,0,0
1776590209766,84327,Shared DB,0,OK,Thread Group 1-196,text,true,,17,0,866,866,null,0,0,0
1776590208883,85210,Shared DB,0,OK,Thread Group 1-166,text,true,,17,0,866,866,null,0,0,0
1776590208939,85148,Shared DB,0,OK,Thread Group 1-169,text,true,,17,0,866,866,null,0,0,0
1776590209608,84481,Shared DB,0,OK,Thread Group 1-191,text,true,,17,0,866,866,null,0,0,0
1776590210174,83922,Shared DB,0,OK,Thread Group 1-206,text,true,,17,0,866,866,null,0,0,0
1776590208592,85508,Shared DB,0,OK,Thread Group 1-155,text,true,,17,0,866,866,null,0,0,0
1776590209533,84565,Shared DB,0,OK,Thread Group 1-187,text,true,,17,0,866,866,null,0,0,0
1776590208805,85292,Shared DB,0,OK,Thread Group 1-162,text,true,,17,0,866,866,null,0,0,0
1776590208575,85523,Shared DB,0,OK,Thread Group 1-154,text,true,,17,0,866,866,null,0,0,0
1776590209372,84716,Shared DB,0,OK,Thread Group 1-183,text,true,,17,0,866,866,null,0,0,0
1776590209627,84464,Shared DB,0,OK,Thread Group 1-192,text,true,,17,0,866,866,null,0,0,0
1776590208787,85320,Shared DB,0,OK,Thread Group 1-161,text,true,,17,0,866,866,null,0,0,0
1776590208521,85586,Shared DB,0,OK,Thread Group 1-150,text,true,,17,0,866,866,null,0,0,0
1776590209175,84934,Shared DB,0,OK,Thread Group 1-177,text,true,,17,0,866,866,null,0,0,0
1776590208605,85506,Shared DB,0,OK,Thread Group 1-156,text,true,,17,0,866,866,null,0,0,0
1776590208556,85555,Shared DB,0,OK,Thread Group 1-153,text,true,,17,0,866,866,null,0,0,0
1776590208466,85645,Shared DB,0,OK,Thread Group 1-144,text,true,,17,0,866,866,null,0,0,0
1776590208902,85210,Shared DB,0,OK,Thread Group 1-167,text,true,,17,0,866,866,null,0,0,0
1776590208850,85262,Shared DB,0,OK,Thread Group 1-164,text,true,,17,0,866,866,null,0,0,0
1776590208925,85187,Shared DB,0,OK,Thread Group 1-168,text,true,,17,0,866,866,null,0,0,0
1776590208629,85484,Shared DB,0,OK,Thread Group 1-157,text,true,,17,0,866,866,null,0,0,0
1776590208753,85360,Shared DB,0,OK,Thread Group 1-160,text,true,,17,0,866,866,null,0,0,0
1776590208673,85439,Shared DB,0,OK,Thread Group 1-159,text,true,,17,0,866,866,null,0,0,0
1776590208456,85660,Shared DB,0,OK,Thread Group 1-141,text,true,,17,0,866,866,null,0,0,0
1776590208646,85467,Shared DB,0,OK,Thread Group 1-158,text,true,,17,0,866,866,null,0,0,0
1776590208512,85600,Shared DB,0,OK,Thread Group 1-149,text,true,,17,0,866,866,null,0,0,0
1776590208457,85656,Shared DB,0,OK,Thread Group 1-142,text,true,,17,0,866,866,null,0,0,0
1776590219635,74484,Shared DB,0,OK,Thread Group 1-382,text,true,,17,0,866,866,null,0,0,0
1776590213427,80693,Shared DB,0,OK,Thread Group 1-270,text,true,,17,0,866,866,null,0,0,0
1776590218129,75993,Shared DB,0,OK,Thread Group 1-356,text,true,,17,0,866,866,null,0,0,0
1776590208505,85616,Shared DB,0,OK,Thread Group 1-148,text,true,,17,0,866,866,null,0,0,0
1776590208536,85588,Shared DB,0,OK,Thread Group 1-151,text,true,,17,0,866,866,null,0,0,0
1776590208481,85640,Shared DB,0,OK,Thread Group 1-146,text,true,,17,0,866,866,null,0,0,0
1776590210022,84103,Shared DB,0,OK,Thread Group 1-201,text,true,,17,0,866,866,null,0,0,0
1776590208541,85583,Shared DB,0,OK,Thread Group 1-152,text,true,,17,0,866,866,null,0,0,0
1776590208496,85626,Shared DB,0,OK,Thread Group 1-147,text,true,,17,0,866,866,null,0,0,0
1776590209953,84172,Shared DB,0,OK,Thread Group 1-200,text,true,,17,0,866,866,null,0,0,0
1776590208475,85646,Shared DB,0,OK,Thread Group 1-145,text,true,,17,0,866,866,null,0,0,0
1776590218247,75873,Shared DB,0,OK,Thread Group 1-358,text,true,,17,0,866,866,null,0,0,0
1776590212490,81637,Shared DB,0,OK,Thread Group 1-255,text,true,,17,0,866,866,null,0,0,0
1776590208464,85664,Shared DB,0,OK,Thread Group 1-143,text,true,,17,0,866,866,null,0,0,0
1776590213761,80367,Shared DB,0,OK,Thread Group 1-276,text,true,,17,0,866,866,null,0,0,0
1776590210047,84093,Shared DB,0,OK,Thread Group 1-202,text,true,,17,0,866,866,null,0,0,0
1776590218077,76049,Shared DB,0,OK,Thread Group 1-355,text,true,,17,0,866,866,null,0,0,0
1776590213911,80229,Shared DB,0,OK,Thread Group 1-278,text,true,,17,0,866,866,null,0,0,0
1776590213507,80638,Shared DB,0,OK,Thread Group 1-271,text,true,,17,0,866,866,null,0,0,0
1776590213732,80413,Shared DB,0,OK,Thread Group 1-275,text,true,,17,0,866,866,null,0,0,0
1776590213535,80611,Shared DB,0,OK,Thread Group 1-272,text,true,,17,0,866,866,null,0,0,0
1776590219455,74690,Shared DB,0,OK,Thread Group 1-379,text,true,,17,0,866,866,null,0,0,0
1776590211590,82555,Shared DB,0,OK,Thread Group 1-239,text,true,,17,0,866,866,null,0,0,0
1776590210777,83369,Shared DB,0,OK,Thread Group 1-223,text,true,,17,0,866,866,null,0,0,0
1776590211638,82510,Shared DB,0,OK,Thread Group 1-240,text,true,,17,0,866,866,null,0,0,0
1776590217747,76399,Shared DB,0,OK,Thread Group 1-351,text,true,,17,0,866,866,null,0,0,0
1776590210353,83796,Shared DB,0,OK,Thread Group 1-211,text,true,,17,0,866,866,null,0,0,0
1776590210478,83671,Shared DB,0,OK,Thread Group 1-215,text,true,,17,0,866,866,null,0,0,0
1776590212357,81789,Shared DB,0,OK,Thread Group 1-253,text,true,,17,0,866,866,null,0,0,0
1776590208444,85702,Shared DB,0,OK,Thread Group 1-139,text,true,,17,0,866,866,null,0,0,0
1776590208448,85698,Shared DB,0,OK,Thread Group 1-140,text,true,,17,0,866,866,null,0,0,0
1776590210168,83979,Shared DB,0,OK,Thread Group 1-205,text,true,,17,0,866,866,null,0,0,0
1776590210457,83692,Shared DB,0,OK,Thread Group 1-214,text,true,,17,0,866,866,null,0,0,0
1776590214187,79960,Shared DB,0,OK,Thread Group 1-283,text,true,,17,0,866,866,null,0,0,0
1776590210097,84052,Shared DB,0,OK,Thread Group 1-203,text,true,,17,0,866,866,null,0,0,0
1776590210162,83984,Shared DB,0,OK,Thread Group 1-204,text,true,,17,0,866,866,null,0,0,0
1776590214239,79914,Shared DB,0,OK,Thread Group 1-285,text,true,,17,0,866,866,null,0,0,0
1776590217979,76176,Shared DB,0,OK,Thread Group 1-354,text,true,,17,0,866,866,null,0,0,0
1776590218589,75565,Shared DB,0,OK,Thread Group 1-363,text,true,,17,0,866,866,null,0,0,0
1776590218687,75469,Shared DB,0,OK,Thread Group 1-364,text,true,,17,0,866,866,null,0,0,0
1776590213583,80574,Shared DB,0,OK,Thread Group 1-273,text,true,,17,0,866,866,null,0,0,0
1776590213648,80509,Shared DB,0,OK,Thread Group 1-274,text,true,,17,0,866,866,null,0,0,0
1776590210409,83747,Shared DB,0,OK,Thread Group 1-212,text,true,,17,0,866,866,null,0,0,0
1776590210451,83706,Shared DB,0,OK,Thread Group 1-213,text,true,,17,0,866,866,null,0,0,0
1776590208439,85718,Shared DB,0,OK,Thread Group 1-138,text,true,,17,0,866,866,null,0,0,0
1776590210307,83851,Shared DB,0,OK,Thread Group 1-209,text,true,,17,0,866,866,null,0,0,0
1776590210258,83900,Shared DB,0,OK,Thread Group 1-208,text,true,,17,0,866,866,null,0,0,0
1776590218872,75287,Shared DB,0,OK,Thread Group 1-367,text,true,,17,0,866,866,null,0,0,0
1776590210327,83832,Shared DB,0,OK,Thread Group 1-210,text,true,,17,0,866,866,null,0,0,0
1776590208435,85723,Shared DB,0,OK,Thread Group 1-137,text,true,,17,0,866,866,null,0,0,0
1776590218355,75804,Shared DB,0,OK,Thread Group 1-359,text,true,,17,0,866,866,null,0,0,0
1776590208428,85732,Shared DB,0,OK,Thread Group 1-136,text,true,,17,0,866,866,null,0,0,0
1776590211480,82679,Shared DB,0,OK,Thread Group 1-237,text,true,,17,0,866,866,null,0,0,0
1776590210530,83630,Shared DB,0,OK,Thread Group 1-216,text,true,,17,0,866,866,null,0,0,0
1776590218387,75774,Shared DB,0,OK,Thread Group 1-360,text,true,,17,0,866,866,null,0,0,0
1776590214134,80027,Shared DB,0,OK,Thread Group 1-282,text,true,,17,0,866,866,null,0,0,0
1776590214214,79946,Shared DB,0,OK,Thread Group 1-284,text,true,,17,0,866,866,null,0,0,0
1776590217788,76373,Shared DB,0,OK,Thread Group 1-352,text,true,,17,0,866,866,null,0,0,0
1776590210631,83532,Shared DB,0,OK,Thread Group 1-219,text,true,,17,0,866,866,null,0,0,0
1776590218921,75241,Shared DB,0,OK,Thread Group 1-368,text,true,,17,0,866,866,null,0,0,0
1776590211178,82984,Shared DB,0,OK,Thread Group 1-232,text,true,,17,0,866,866,null,0,0,0
1776590214332,79831,Shared DB,0,OK,Thread Group 1-286,text,true,,17,0,866,866,null,0,0,0
1776590224770,69393,Shared DB,0,OK,Thread Group 1-469,text,true,,17,0,866,866,null,0,0,0
1776590210586,83577,Shared DB,0,OK,Thread Group 1-218,text,true,,17,0,866,866,null,0,0,0
1776590211249,82914,Shared DB,0,OK,Thread Group 1-233,text,true,,17,0,866,866,null,0,0,0
1776590211728,82435,Shared DB,0,OK,Thread Group 1-241,text,true,,17,0,866,866,null,0,0,0
1776590215913,78250,Shared DB,0,OK,Thread Group 1-314,text,true,,17,0,862,862,null,0,0,0
1776590219403,74759,Shared DB,0,OK,Thread Group 1-378,text,true,,17,0,862,862,null,0,0,0
1776590220034,74129,Shared DB,0,OK,Thread Group 1-389,text,true,,17,0,866,866,null,0,0,0
1776590211135,83028,Shared DB,0,OK,Thread Group 1-231,text,true,,17,0,866,866,null,0,0,0
1776590210823,83339,Shared DB,0,OK,Thread Group 1-224,text,true,,17,0,857,857,null,0,0,0
1776590210735,83427,Shared DB,0,OK,Thread Group 1-222,text,true,,17,0,866,866,null,0,0,0
1776590212099,82064,Shared DB,0,OK,Thread Group 1-248,text,true,,17,0,857,857,null,0,0,0
1776590221815,72348,Shared DB,0,OK,Thread Group 1-417,text,true,,17,0,866,864,null,0,0,0
1776590210838,83324,Shared DB,0,OK,Thread Group 1-225,text,true,,17,0,857,857,null,0,0,0
1776590211065,83098,Shared DB,0,OK,Thread Group 1-230,text,true,,17,0,856,856,null,0,0,0
1776590210648,83515,Shared DB,0,OK,Thread Group 1-220,text,true,,17,0,854,854,null,0,0,0
1776590214017,80147,Shared DB,0,OK,Thread Group 1-280,text,true,,17,0,856,856,null,0,0,0
1776590210702,83461,Shared DB,0,OK,Thread Group 1-221,text,true,,17,0,866,866,null,0,0,0
1776590219045,75122,Shared DB,0,OK,Thread Group 1-370,text,true,,17,0,848,848,null,0,0,0
1776590215874,78293,Shared DB,0,OK,Thread Group 1-313,text,true,,17,0,848,848,null,0,0,0
1776590216903,77266,Shared DB,0,OK,Thread Group 1-335,text,true,,17,0,841,841,null,0,0,0
1776590217234,76936,Shared DB,0,OK,Thread Group 1-342,text,true,,17,0,840,840,null,0,0,0
1776590212523,81648,Shared DB,0,OK,Thread Group 1-256,text,true,,17,0,839,839,null,0,0,0
1776590210990,83179,Shared DB,0,OK,Thread Group 1-228,text,true,,17,0,847,847,null,0,0,0
1776590215492,78677,Shared DB,0,OK,Thread Group 1-306,text,true,,17,0,840,840,null,0,0,0
1776590216973,77197,Shared DB,0,OK,Thread Group 1-336,text,true,,17,0,840,840,null,0,0,0
1776590214807,79363,Shared DB,0,OK,Thread Group 1-297,text,true,,17,0,835,835,null,0,0,0
1776590211028,83145,Shared DB,0,OK,Thread Group 1-229,text,true,,17,0,833,833,null,0,0,0
1776590211403,82773,Shared DB,0,OK,Thread Group 1-236,text,true,,17,0,824,824,null,0,0,0
1776590217405,76771,Shared DB,0,OK,Thread Group 1-344,text,true,,17,0,824,824,null,0,0,0
1776590211302,82877,Shared DB,0,OK,Thread Group 1-234,text,true,,17,0,820,820,null,0,0,0
1776590220456,73723,Shared DB,0,OK,Thread Group 1-394,text,true,,17,0,814,814,null,0,0,0
1776590211781,82401,Shared DB,0,OK,Thread Group 1-242,text,true,,17,0,802,802,null,0,0,0
1776590211829,82354,Shared DB,0,OK,Thread Group 1-243,text,true,,17,0,802,802,null,0,0,0
1776590211345,82839,Shared DB,0,OK,Thread Group 1-235,text,true,,17,0,800,800,null,0,0,0
1776590216517,77667,Shared DB,0,OK,Thread Group 1-326,text,true,,17,0,800,800,null,0,0,0
1776590214506,79678,Shared DB,0,OK,Thread Group 1-293,text,true,,17,0,800,800,null,0,0,0
1776590214070,80116,Shared DB,0,OK,Thread Group 1-281,text,true,,17,0,795,795,null,0,0,0
1776590212127,82058,Shared DB,0,OK,Thread Group 1-249,text,true,,17,0,800,800,null,0,0,0
1776590212187,82001,Shared DB,0,OK,Thread Group 1-250,text,true,,17,0,793,793,null,0,0,0
1776590216464,77723,Shared DB,0,OK,Thread Group 1-325,text,true,,17,0,790,790,null,0,0,0
1776590212177,82011,Shared DB,0,OK,Thread Group 1-882,text,true,,17,0,785,785,null,0,0,0
1776590214622,79566,Shared DB,0,OK,Thread Group 1-295,text,true,,17,0,772,772,null,0,0,0
1776590217524,76665,Shared DB,0,OK,Thread Group 1-346,text,true,,17,0,767,767,null,0,0,0
1776590216134,78056,Shared DB,0,OK,Thread Group 1-317,text,true,,17,0,767,767,null,0,0,0
1776590222808,71380,Shared DB,0,OK,Thread Group 1-432,text,true,,17,0,784,784,null,0,0,0
1776590212628,81563,Shared DB,0,OK,Thread Group 1-258,text,true,,17,0,765,765,null,0,0,0
1776590215364,78827,Shared DB,0,OK,Thread Group 1-304,text,true,,17,0,766,766,null,0,0,0
1776590215313,78880,Shared DB,0,OK,Thread Group 1-303,text,true,,17,0,754,754,null,0,0,0
1776590221490,72704,Shared DB,0,OK,Thread Group 1-409,text,true,,17,0,749,749,null,0,0,0
1776590212554,81642,Shared DB,0,OK,Thread Group 1-257,text,true,,17,0,748,748,null,0,0,0
1776590219955,74238,Shared DB,0,OK,Thread Group 1-387,text,true,,17,0,749,749,null,0,0,0
1776590209258,84940,Shared DB,0,OK,Thread Group 1-179,text,true,,17,0,747,747,null,0,0,0
1776590209491,84707,Shared DB,0,OK,Thread Group 1-186,text,true,,17,0,745,745,null,0,0,0
1776590210205,83993,Shared DB,0,OK,Thread Group 1-207,text,true,,17,0,743,743,null,0,0,0
1776590228373,75019,Shared DB,0,OK,Thread Group 1-530,text,true,,17,0,654,654,null,0,0,0
1776590219144,84281,Shared DB,0,OK,Thread Group 1-372,text,true,,17,0,654,654,null,0,0,0
1776590228064,75369,Shared DB,0,OK,Thread Group 1-526,text,true,,17,0,652,652,null,0,0,0
1776590218765,85043,Shared DB,0,OK,Thread Group 1-366,text,true,,17,0,651,651,null,0,0,0
1776590216275,87537,Shared DB,0,OK,Thread Group 1-320,text,true,,17,0,651,651,null,0,0,0
1776590215447,88372,Shared DB,0,OK,Thread Group 1-305,text,true,,17,0,651,651,null,0,0,0
1776590210551,93283,Shared DB,0,OK,Thread Group 1-217,text,true,,17,0,651,651,null,0,0,0
1776590216818,87061,Shared DB,0,OK,Thread Group 1-333,text,true,,17,0,647,647,null,0,0,0
1776590217015,86895,Shared DB,0,OK,Thread Group 1-337,text,true,,17,0,646,646,null,0,0,0
1776590220611,83368,Shared DB,0,OK,Thread Group 1-396,text,true,,17,0,645,645,null,0,0,0
1776590218987,84992,Shared DB,0,OK,Thread Group 1-369,text,true,,17,0,644,644,null,0,0,0
1776590209913,94100,Shared DB,0,OK,Thread Group 1-199,text,true,,17,0,643,643,null,0,0,0
1776590216180,87861,Shared DB,0,OK,Thread Group 1-318,text,true,,17,0,642,642,null,0,0,0
1776590212765,91281,Shared DB,0,OK,Thread Group 1-260,text,true,,17,0,641,641,null,0,0,0
1776590224294,79812,Shared DB,0,OK,Thread Group 1-459,text,true,,17,0,640,640,null,0,0,0
1776590220140,85898,Shared DB,0,OK,Thread Group 1-390,text,true,,17,0,639,639,null,0,0,0
1776590217737,88340,Shared DB,0,OK,Thread Group 1-349,text,true,,17,0,638,638,null,0,0,0
1776590222862,83247,Shared DB,0,OK,Thread Group 1-433,text,true,,17,0,637,637,null,0,0,0
1776590213984,92148,Shared DB,0,OK,Thread Group 1-279,text,true,,17,0,636,636,null,0,0,0
1776590219258,87013,Shared DB,0,OK,Thread Group 1-375,text,true,,17,0,635,635,null,0,0,0
1776590216851,89515,Shared DB,0,OK,Thread Group 1-334,text,true,,17,0,634,634,null,0,0,0
1776590227487,78986,Shared DB,0,OK,Thread Group 1-515,text,true,,17,0,633,633,null,0,0,0
1776590230852,75632,Shared DB,0,OK,Thread Group 1-582,text,true,,17,0,632,632,null,0,0,0
1776590218508,88057,Shared DB,0,OK,Thread Group 1-361,text,true,,17,0,631,631,null,0,0,0
1776590216770,89829,Shared DB,0,OK,Thread Group 1-332,text,true,,17,0,630,630,null,0,0,0
1776590219231,87375,Shared DB,0,OK,Thread Group 1-374,text,true,,17,0,629,629,null,0,0,0
1776590214346,92323,Shared DB,0,OK,Thread Group 1-287,text,true,,17,0,628,628,null,0,0,0
1776590222237,84476,Shared DB,0,OK,Thread Group 1-424,text,true,,17,0,627,627,null,0,0,0
1776590220538,86257,Shared DB,0,OK,Thread Group 1-395,text,true,,17,0,626,626,null,0,0,0
1776590219997,86807,Shared DB,0,OK,Thread Group 1-388,text,true,,17,0,626,626,null,0,0,0
1776590220917,85897,Shared DB,0,OK,Thread Group 1-402,text,true,,17,0,626,626,null,0,0,0
1776590226411,80440,Shared DB,0,OK,Thread Group 1-495,text,true,,17,0,623,623,null,0,0,0
1776590222710,84211,Shared DB,0,OK,Thread Group 1-431,text,true,,17,0,622,622,null,0,0,0
1776590223922,83048,Shared DB,0,OK,Thread Group 1-452,text,true,,17,0,621,621,null,0,0,0
1776590220835,86140,Shared DB,0,OK,Thread Group 1-400,text,true,,17,0,620,620,null,0,0,0
1776590223737,83290,Shared DB,0,OK,Thread Group 1-449,text,true,,17,0,619,619,null,0,0,0
1776590217742,89298,Shared DB,0,OK,Thread Group 1-350,text,true,,17,0,618,618,null,0,0,0
1776590219722,87327,Shared DB,0,OK,Thread Group 1-383,text,true,,17,0,617,617,null,0,0,0
1776590220830,86219,Shared DB,0,OK,Thread Group 1-399,text,true,,17,0,617,617,null,0,0,0
1776590227826,79225,Shared DB,0,OK,Thread Group 1-522,text,true,,17,0,615,615,null,0,0,0
1776590221541,85513,Shared DB,0,OK,Thread Group 1-410,text,true,,17,0,614,614,null,0,0,0
1776590220870,86239,Shared DB,0,OK,Thread Group 1-401,text,true,,17,0,613,613,null,0,0,0
1776590225986,81233,Shared DB,0,OK,Thread Group 1-489,text,true,,17,0,612,612,null,0,0,0
1776590227120,80129,Shared DB,0,OK,Thread Group 1-509,text,true,,17,0,611,611,null,0,0,0
1776590225099,82297,Shared DB,0,OK,Thread Group 1-475,text,true,,17,0,610,610,null,0,0,0
1776590221291,86105,Shared DB,0,OK,Thread Group 1-406,text,true,,17,0,611,611,null,0,0,0
1776590225402,81994,Shared DB,0,OK,Thread Group 1-479,text,true,,17,0,610,610,null,0,0,0
1776590224558,82838,Shared DB,0,OK,Thread Group 1-464,text,true,,17,0,607,607,null,0,0,0
1776590224232,83204,Shared DB,0,OK,Thread Group 1-457,text,true,,17,0,606,606,null,0,0,0
1776590227950,79508,Shared DB,0,OK,Thread Group 1-524,text,true,,17,0,606,606,null,0,0,0
1776590216301,91192,Shared DB,0,OK,Thread Group 1-321,text,true,,17,0,604,604,null,0,0,0
1776590225863,81633,Shared DB,0,OK,Thread Group 1-487,text,true,,17,0,603,603,null,0,0,0
1776590231052,76452,Shared DB,0,OK,Thread Group 1-624,text,true,,17,0,602,602,null,0,0,0
1776590230911,76607,Shared DB,0,OK,Thread Group 1-594,text,true,,17,0,601,601,null,0,0,0
1776590223706,83889,Shared DB,0,OK,Thread Group 1-448,text,true,,17,0,600,600,null,0,0,0
1776590224699,82909,Shared DB,0,OK,Thread Group 1-468,text,true,,17,0,599,599,null,0,0,0
1776590228258,79399,Shared DB,0,OK,Thread Group 1-528,text,true,,17,0,598,598,null,0,0,0
1776590217195,90529,Shared DB,0,OK,Thread Group 1-341,text,true,,17,0,597,597,null,0,0,0
1776590225765,82041,Shared DB,0,OK,Thread Group 1-485,text,true,,17,0,596,596,null,0,0,0
1776590221652,86169,Shared DB,0,OK,Thread Group 1-413,text,true,,17,0,595,595,null,0,0,0
1776590225025,83109,Shared DB,0,OK,Thread Group 1-474,text,true,,17,0,594,594,null,0,0,0
1776590229825,78326,Shared DB,0,OK,Thread Group 1-552,text,true,,17,0,593,593,null,0,0,0
1776590247665,62266,Shared DB,0,OK,Thread Group 1-905,text,true,,17,0,592,592,null,0,0,0
1776590248273,61975,Shared DB,0,OK,Thread Group 1-912,text,true,,17,0,591,591,null,0,0,0
1776590230968,79561,Shared DB,0,OK,Thread Group 1-606,text,true,,17,0,590,590,null,0,0,0
1776590236678,73923,Shared DB,0,OK,Thread Group 1-743,text,true,,17,0,589,589,null,0,0,0
1776590230959,79643,Shared DB,0,OK,Thread Group 1-604,text,true,,17,0,589,589,null,0,0,0
1776590247531,63091,Shared DB,0,OK,Thread Group 1-901,text,true,,17,0,587,587,null,0,0,0
1776590232367,78300,Shared DB,0,OK,Thread Group 1-675,text,true,,17,0,586,586,null,0,0,0
1776590247526,63142,Shared DB,0,OK,Thread Group 1-900,text,true,,17,0,585,585,null,0,0,0
1776590238646,72041,Shared DB,0,OK,Thread Group 1-771,text,true,,17,0,584,584,null,0,0,0
1776590243837,66853,Shared DB,0,OK,Thread Group 1-849,text,true,,17,0,583,583,null,0,0,0
1776590241827,68898,Shared DB,0,OK,Thread Group 1-817,text,true,,17,0,582,582,null,0,0,0
1776590241284,69900,Shared DB,0,OK,Thread Group 1-809,text,true,,17,0,581,581,null,0,0,0
1776590248131,63359,Shared DB,0,OK,Thread Group 1-910,text,true,,17,0,580,580,null,0,0,0
1776590232006,79524,Shared DB,0,OK,Thread Group 1-668,text,true,,17,0,579,579,null,0,0,0
1776590235400,76145,Shared DB,0,OK,Thread Group 1-724,text,true,,17,0,578,578,null,0,0,0
1776590222386,89193,Shared DB,0,OK,Thread Group 1-426,text,true,,17,0,577,577,null,0,0,0
1776590243397,68249,Shared DB,0,OK,Thread Group 1-843,text,true,,17,0,576,576,null,0,0,0
1776590231027,80843,Shared DB,0,OK,Thread Group 1-619,text,true,,17,0,575,575,null,0,0,0
1776590229316,82810,Shared DB,0,OK,Thread Group 1-543,text,true,,17,0,574,574,null,0,0,0
1776590247234,64902,Shared DB,0,OK,Thread Group 1-896,text,true,,17,0,573,573,null,0,0,0
1776590241496,70654,Shared DB,0,OK,Thread Group 1-812,text,true,,17,0,572,572,null,0,0,0
1776590238260,74177,Shared DB,0,OK,Thread Group 1-765,text,true,,17,0,571,571,null,0,0,0
1776590245172,68012,Shared DB,0,OK,Thread Group 1-870,text,true,,17,0,570,570,null,0,0,0
1776590243985,69238,Shared DB,0,OK,Thread Group 1-851,text,true,,17,0,569,569,null,0,0,0
1776590242847,70429,Shared DB,0,OK,Thread Group 1-833,text,true,,17,0,568,568,null,0,0,0
1776590229199,84100,Shared DB,0,OK,Thread Group 1-541,text,true,,17,0,567,567,null,0,0,0
1776590243157,70159,Shared DB,0,OK,Thread Group 1-838,text,true,,17,0,566,566,null,0,0,0
1776590242089,71228,Shared DB,0,OK,Thread Group 1-822,text,true,,17,0,565,565,null,0,0,0
1776590230886,82434,Shared DB,0,OK,Thread Group 1-589,text,true,,17,0,564,564,null,0,0,0
1776590243742,69578,Shared DB,0,OK,Thread Group 1-848,text,true,,17,0,564,564,null,0,0,0
1776590234747,78599,Shared DB,0,OK,Thread Group 1-711,text,true,,17,0,562,562,null,0,0,0
1776590233794,79568,Shared DB,0,OK,Thread Group 1-695,text,true,,17,0,561,561,null,0,0,0
1776590238898,74476,Shared DB,0,OK,Thread Group 1-775,text,true,,17,0,560,560,null,0,0,0
1776590245319,68069,Shared DB,0,OK,Thread Group 1-872,text,true,,17,0,559,559,null,0,0,0
1776590242486,71009,Shared DB,0,OK,Thread Group 1-828,text,true,,17,0,558,558,null,0,0,0
1776590242340,71156,Shared DB,0,OK,Thread Group 1-825,text,true,,17,0,558,558,null,0,0,0
1776590247541,65956,Shared DB,0,OK,Thread Group 1-903,text,true,,17,0,556,556,null,0,0,0
1776590237848,75658,Shared DB,0,OK,Thread Group 1-759,text,true,,17,0,555,555,null,0,0,0
1776590240620,73077,Shared DB,0,OK,Thread Group 1-801,text,true,,17,0,554,554,null,0,0,0
1776590220304,93415,Shared DB,0,OK,Thread Group 1-392,text,true,,17,0,553,553,null,0,0,0
1776590243353,70373,Shared DB,0,OK,Thread Group 1-841,text,true,,17,0,552,552,null,0,0,0
1776590249261,64538,Shared DB,0,OK,Thread Group 1-925,text,true,,17,0,551,551,null,0,0,0
1776590239514,74309,Shared DB,0,OK,Thread Group 1-784,text,true,,17,0,550,550,null,0,0,0
1776590237410,76434,Shared DB,0,OK,Thread Group 1-752,text,true,,17,0,549,549,null,0,0,0
1776590238615,75234,Shared DB,0,OK,Thread Group 1-770,text,true,,17,0,548,548,null,0,0,0
1776590234381,79475,Shared DB,0,OK,Thread Group 1-703,text,true,,17,0,547,547,null,0,0,0
1776590244342,70134,Shared DB,0,OK,Thread Group 1-857,text,true,,17,0,546,546,null,0,0,0
1776590240426,74079,Shared DB,0,OK,Thread Group 1-799,text,true,,17,0,545,545,null,0,0,0
1776590237255,77281,Shared DB,0,OK,Thread Group 1-750,text,true,,17,0,544,544,null,0,0,0
1776590245608,69121,Shared DB,0,OK,Thread Group 1-875,text,true,,17,0,543,543,null,0,0,0
1776590239030,75702,Shared DB,0,OK,Thread Group 1-776,text,true,,17,0,542,542,null,0,0,0
1776590231047,83715,Shared DB,0,OK,Thread Group 1-623,text,true,,17,0,541,541,null,0,0,0
1776590230740,84368,Shared DB,0,OK,Thread Group 1-558,text,true,,17,0,540,540,null,0,0,0
1776590236317,78792,Shared DB,0,OK,Thread Group 1-738,text,true,,17,0,539,539,null,0,0,0
1776590231137,84372,Shared DB,0,OK,Thread Group 1-642,text,true,,17,0,538,538,null,0,0,0
1776590233543,82030,Shared DB,0,OK,Thread Group 1-692,text,true,,17,0,537,537,null,0,0,0
1776590230963,84679,Shared DB,0,OK,Thread Group 1-605,text,true,,17,0,536,536,null,0,0,0
1776590235439,80245,Shared DB,0,OK,Thread Group 1-725,text,true,,17,0,535,535,null,0,0,0
1776590242970,72767,Shared DB,0,OK,Thread Group 1-835,text,true,,17,0,534,534,null,0,0,0
1776590231094,84646,Shared DB,0,OK,Thread Group 1-633,text,true,,17,0,533,533,null,0,0,0
1776590230207,85609,Shared DB,0,OK,Thread Group 1-557,text,true,,17,0,532,532,null,0,0,0
1776590239959,75858,Shared DB,0,OK,Thread Group 1-791,text,true,,17,0,532,532,null,0,0,0
1776590230830,85033,Shared DB,0,OK,Thread Group 1-577,text,true,,17,0,530,530,null,0,0,0
1776590238534,77330,Shared DB,0,OK,Thread Group 1-769,text,true,,17,0,529,529,null,0,0,0
1776590229497,86404,Shared DB,0,OK,Thread Group 1-546,text,true,,17,0,528,528,null,0,0,0
1776590239480,76434,Shared DB,0,OK,Thread Group 1-783,text,true,,17,0,527,527,null,0,0,0
1776590230778,85168,Shared DB,0,OK,Thread Group 1-566,text,true,,17,0,526,526,null,0,0,0
1776590243888,72148,Shared DB,0,OK,Thread Group 1-850,text,true,,17,0,525,525,null,0,0,0
1776590219569,96520,Shared DB,0,OK,Thread Group 1-381,text,true,,17,0,524,524,null,0,0,0
1776590231145,84956,Shared DB,0,OK,Thread Group 1-644,text,true,,17,0,523,523,null,0,0,0
1776590243604,72506,Shared DB,0,OK,Thread Group 1-846,text,true,,17,0,522,522,null,0,0,0
1776590228429,87745,Shared DB,0,OK,Thread Group 1-531,text,true,,17,0,521,521,null,0,0,0
1776590236323,79852,Shared DB,0,OK,Thread Group 1-739,text,true,,17,0,520,520,null,0,0,0
1776590242933,73300,Shared DB,0,OK,Thread Group 1-170,text,true,,17,0,519,519,null,0,0,0
1776590228579,87711,Shared DB,0,OK,Thread Group 1-532,text,true,,17,0,518,518,null,0,0,0
1776590242925,73413,Shared DB,0,OK,Thread Group 1-834,text,true,,17,0,517,517,null,0,0,0
1776590241433,74930,Shared DB,0,OK,Thread Group 1-811,text,true,,17,0,516,516,null,0,0,0
1776590219170,97453,Shared DB,0,OK,Thread Group 1-373,text,true,,17,0,515,515,null,0,0,0
1776590230896,85732,Shared DB,0,OK,Thread Group 1-591,text,true,,17,0,514,514,null,0,0,0
1776590242530,74221,Shared DB,0,OK,Thread Group 1-829,text,true,,17,0,513,513,null,0,0,0
1776590239638,77127,Shared DB,0,OK,Thread Group 1-786,text,true,,17,0,513,513,null,0,0,0
1776590239104,77667,Shared DB,0,OK,Thread Group 1-777,text,true,,17,0,511,511,null,0,0,0
1776590230123,86651,Shared DB,0,OK,Thread Group 1-556,text,true,,17,0,510,510,null,0,0,0
1776590246507,70266,Shared DB,0,OK,Thread Group 1-886,text,true,,17,0,509,509,null,0,0,0
1776590230996,85780,Shared DB,0,OK,Thread Group 1-612,text,true,,17,0,508,508,null,0,0,0
1776590230939,85839,Shared DB,0,OK,Thread Group 1-600,text,true,,17,0,507,507,null,0,0,0
1776590218429,98355,Shared DB,0,OK,Thread Group 1-362,text,true,,17,0,506,506,null,0,0,0
1776590249457,67328,Shared DB,0,OK,Thread Group 1-928,text,true,,17,0,505,505,null,0,0,0
1776590226224,90651,Shared DB,0,OK,Thread Group 1-493,text,true,,17,0,504,504,null,0,0,0
1776590241745,75133,Shared DB,0,OK,Thread Group 1-816,text,true,,17,0,503,503,null,0,0,0
1776590221604,95279,Shared DB,0,OK,Thread Group 1-412,text,true,,17,0,502,502,null,0,0,0
1776590235557,81339,Shared DB,0,OK,Thread Group 1-727,text,true,,17,0,501,501,null,0,0,0
1776590224387,92518,Shared DB,0,OK,Thread Group 1-461,text,true,,17,0,500,500,null,0,0,0
1776590246914,70012,Shared DB,0,OK,Thread Group 1-891,text,true,,17,0,499,499,null,0,0,0
1776590230769,86354,Shared DB,0,OK,Thread Group 1-564,text,true,,17,0,498,498,null,0,0,0
1776590248028,69096,Shared DB,0,OK,Thread Group 1-909,text,true,,17,0,497,497,null,0,0,0
1776590236101,81268,Shared DB,0,OK,Thread Group 1-734,text,true,,17,0,496,496,null,0,0,0
1776590230793,86644,Shared DB,0,OK,Thread Group 1-569,text,true,,17,0,495,495,null,0,0,0
1776590210863,106577,Shared DB,0,OK,Thread Group 1-226,text,true,,17,0,494,494,null,0,0,0
1776590243021,74507,Shared DB,0,OK,Thread Group 1-836,text,true,,17,0,493,493,null,0,0,0
1776590234583,82959,Shared DB,0,OK,Thread Group 1-706,text,true,,17,0,492,492,null,0,0,0
1776590216072,101656,Shared DB,0,OK,Thread Group 1-316,text,true,,17,0,491,491,null,0,0,0
1776590217046,100832,Shared DB,0,OK,Thread Group 1-338,text,true,,17,0,490,490,null,0,0,0
1776590224658,93274,Shared DB,0,OK,Thread Group 1-466,text,true,,17,0,489,489,null,0,0,0
1776590234198,83814,Shared DB,0,OK,Thread Group 1-700,text,true,,17,0,488,488,null,0,0,0
1776590214913,103210,Shared DB,0,OK,Thread Group 1-298,text,true,,17,0,487,487,null,0,0,0
1776590217138,101049,Shared DB,0,OK,Thread Group 1-340,text,true,,17,0,486,486,null,0,0,0
1776590237528,80677,Shared DB,0,OK,Thread Group 1-754,text,true,,17,0,485,485,null,0,0,0
1776590239272,78969,Shared DB,0,OK,Thread Group 1-779,text,true,,17,0,484,484,null,0,0,0
1776590248420,69908,Shared DB,0,OK,Thread Group 1-915,text,true,,17,0,483,483,null,0,0,0
1776590232046,86364,Shared DB,0,OK,Thread Group 1-669,text,true,,17,0,482,482,null,0,0,0
1776590231042,87396,Shared DB,0,OK,Thread Group 1-622,text,true,,17,0,481,481,null,0,0,0
1776590230824,87618,Shared DB,0,OK,Thread Group 1-576,text,true,,17,0,480,480,null,0,0,0
1776590245513,73188,Shared DB,0,OK,Thread Group 1-874,text,true,,17,0,479,479,null,0,0,0
1776590221136,97633,Shared DB,0,OK,Thread Group 1-404,text,true,,17,0,478,478,null,0,0,0
1776590237800,81052,Shared DB,0,OK,Thread Group 1-758,text,true,,17,0,477,477,null,0,0,0
1776590237740,81128,Shared DB,0,OK,Thread Group 1-757,text,true,,17,0,476,476,null,0,0,0
1776590230901,87993,Shared DB,0,OK,Thread Group 1-592,text,true,,17,0,475,475,null,0,0,0
1776590231150,87793,Shared DB,0,OK,Thread Group 1-645,text,true,,17,0,474,474,null,0,0,0
1776590221916,97116,Shared DB,0,OK,Thread Group 1-419,text,true,,17,0,473,473,null,0,0,0
1776590226878,92381,Shared DB,0,OK,Thread Group 1-506,text,true,,17,0,472,472,null,0,0,0
1776590229931,89397,Shared DB,0,OK,Thread Group 1-554,text,true,,17,0,471,471,null,0,0,0
1776590225341,94014,Shared DB,0,OK,Thread Group 1-478,text,true,,17,0,470,470,null,0,0,0
1776590228822,91082,Shared DB,0,OK,Thread Group 1-535,text,true,,17,0,469,469,null,0,0,0
1776590241901,78047,Shared DB,0,OK,Thread Group 1-818,text,true,,17,0,468,468,null,0,0,0
1776590231546,88575,Shared DB,0,OK,Thread Group 1-659,text,true,,17,0,467,467,null,0,0,0
1776590246641,73509,Shared DB,0,OK,Thread Group 1-887,text,true,,17,0,466,466,null,0,0,0
1776590230797,89446,Shared DB,0,OK,Thread Group 1-570,text,true,,17,0,465,465,null,0,0,0
1776590252930,67339,Shared DB,0,OK,Thread Group 1-970,text,true,,17,0,464,464,null,0,0,0
1776590249694,70587,Shared DB,0,OK,Thread Group 1-931,text,true,,17,0,463,463,null,0,0,0
1776590230951,89404,Shared DB,0,OK,Thread Group 1-602,text,true,,17,0,462,462,null,0,0,0
1776590241366,79009,Shared DB,0,OK,Thread Group 1-810,text,true,,17,0,461,461,null,0,0,0
1776590226498,93882,Shared DB,0,OK,Thread Group 1-498,text,true,,17,0,460,460,null,0,0,0
1776590240920,79472,Shared DB,0,OK,Thread Group 1-804,text,true,,17,0,459,459,null,0,0,0
1776590224599,95810,Shared DB,0,OK,Thread Group 1-465,text,true,,17,0,458,458,null,0,0,0
1776590239799,80646,Shared DB,0,OK,Thread Group 1-788,text,true,,17,0,457,457,null,0,0,0
1776590230848,89600,Shared DB,0,OK,Thread Group 1-581,text,true,,17,0,456,456,null,0,0,0
1776590251400,69065,Shared DB,0,OK,Thread Group 1-952,text,true,,17,0,455,455,null,0,0,0
1776590223702,96775,Shared DB,0,OK,Thread Group 1-447,text,true,,17,0,454,454,null,0,0,0
1776590253977,66516,Shared DB,0,OK,Thread Group 1-984,text,true,,17,0,453,453,null,0,0,0
1776590231009,89490,Shared DB,0,OK,Thread Group 1-615,text,true,,17,0,452,452,null,0,0,0
1776590221742,98760,Shared DB,0,OK,Thread Group 1-415,text,true,,17,0,451,451,null,0,0,0
1776590252129,68377,Shared DB,0,OK,Thread Group 1-960,text,true,,17,0,450,450,null,0,0,0
1776590228892,91661,Shared DB,0,OK,Thread Group 1-536,text,true,,17,0,449,449,null,0,0,0
1776590250850,69702,Shared DB,0,OK,Thread Group 1-945,text,true,,17,0,449,449,null,0,0,0
1776590252370,68203,Shared DB,0,OK,Thread Group 1-964,text,true,,17,0,447,447,null,0,0,0
1776590252874,67721,Shared DB,0,OK,Thread Group 1-969,text,true,,17,0,446,446,null,0,0,0
1776590231066,89530,Shared DB,0,OK,Thread Group 1-627,text,true,,17,0,446,446,null,0,0,0
1776590245418,75252,Shared DB,0,OK,Thread Group 1-873,text,true,,17,0,444,444,null,0,0,0
1776590226052,94653,Shared DB,0,OK,Thread Group 1-490,text,true,,17,0,443,443,null,0,0,0
1776590222521,98203,Shared DB,0,OK,Thread Group 1-428,text,true,,17,0,442,442,null,0,0,0
1776590228790,91946,Shared DB,0,OK,Thread Group 1-534,text,true,,17,0,441,441,null,0,0,0
1776590223853,96895,Shared DB,0,OK,Thread Group 1-451,text,true,,17,0,440,440,null,0,0,0
1776590243229,77532,Shared DB,0,OK,Thread Group 1-839,text,true,,17,0,439,439,null,0,0,0
1776590251946,68827,Shared DB,0,OK,Thread Group 1-957,text,true,,17,0,439,439,null,0,0,0
1776590222611,98186,Shared DB,0,OK,Thread Group 1-430,text,true,,17,0,437,437,null,0,0,0
1776590241705,79122,Shared DB,0,OK,Thread Group 1-815,text,true,,17,0,436,436,null,0,0,0
1776590253937,66959,Shared DB,1,OK,Thread Group 1-983,text,true,,234,0,435,435,null,0,0,0
1776590231113,89792,Shared DB,0,OK,Thread Group 1-637,text,true,,17,0,434,434,null,0,0,0
1776590252731,68207,Shared DB,0,OK,Thread Group 1-968,text,true,,17,0,433,433,null,0,0,0
1776590223696,97245,Shared DB,0,OK,Thread Group 1-446,text,true,,17,0,432,432,null,0,0,0
1776590231062,89904,Shared DB,0,OK,Thread Group 1-626,text,true,,17,0,431,431,null,0,0,0
1776590247590,73436,Shared DB,1,OK,Thread Group 1-904,text,true,,234,0,430,430,null,0,0,0
1776590248847,72218,Shared DB,0,OK,Thread Group 1-919,text,true,,17,0,429,429,null,0,0,0
1776590224013,97071,Shared DB,0,OK,Thread Group 1-454,text,true,,17,0,428,428,null,0,0,0
1776590253609,67509,Shared DB,0,OK,Thread Group 1-978,text,true,,17,0,427,427,null,0,0,0
1776590231935,89184,Shared DB,0,OK,Thread Group 1-666,text,true,,17,0,427,427,null,0,0,0
1776590252412,68779,Shared DB,0,OK,Thread Group 1-965,text,true,,17,0,425,425,null,0,0,0
1776590226980,94248,Shared DB,0,OK,Thread Group 1-507,text,true,,17,0,424,424,null,0,0,0
1776590255032,66232,Shared DB,0,OK,Thread Group 1-999,text,true,,17,0,423,423,null,0,0,0
1776590231019,90289,Shared DB,0,OK,Thread Group 1-617,text,true,,17,0,422,422,null,0,0,0
1776590222142,99170,Shared DB,0,OK,Thread Group 1-422,text,true,,17,0,421,421,null,0,0,0
1776590226095,95280,Shared DB,0,OK,Thread Group 1-491,text,true,,17,0,420,420,null,0,0,0
1776590251010,70364,Shared DB,0,OK,Thread Group 1-947,text,true,,17,0,420,420,null,0,0,0
1776590249323,72054,Shared DB,0,OK,Thread Group 1-926,text,true,,17,0,418,418,null,0,0,0
1776590227593,93817,Shared DB,0,OK,Thread Group 1-518,text,true,,17,0,417,417,null,0,0,0
1776590230906,90598,Shared DB,0,OK,Thread Group 1-593,text,true,,17,0,416,416,null,0,0,0
1776590224526,96983,Shared DB,0,OK,Thread Group 1-463,text,true,,17,0,415,415,null,0,0,0
1776590223301,98242,Shared DB,0,OK,Thread Group 1-441,text,true,,17,0,414,414,null,0,0,0
1776590251393,70171,Shared DB,0,OK,Thread Group 1-951,text,true,,17,0,413,413,null,0,0,0
1776590247383,74211,Shared DB,0,OK,Thread Group 1-898,text,true,,17,0,412,412,null,0,0,0
1776590244674,76933,Shared DB,0,OK,Thread Group 1-862,text,true,,17,0,411,411,null,0,0,0
1776590231126,90518,Shared DB,0,OK,Thread Group 1-640,text,true,,17,0,410,410,null,0,0,0
1776590244887,76762,Shared DB,0,OK,Thread Group 1-866,text,true,,17,0,409,409,null,0,0,0
1776590247472,74193,Shared DB,0,OK,Thread Group 1-899,text,true,,17,0,408,408,null,0,0,0
1776590227239,94441,Shared DB,0,OK,Thread Group 1-511,text,true,,17,0,407,407,null,0,0,0
1776590233034,88645,Shared DB,0,OK,Thread Group 1-685,text,true,,17,0,407,407,null,0,0,0
1776590236962,84723,Shared DB,0,OK,Thread Group 1-746,text,true,,17,0,405,405,null,0,0,0
1776590243470,78221,Shared DB,0,OK,Thread Group 1-844,text,true,,17,0,404,404,null,0,0,0
1776590234101,87591,Shared DB,0,OK,Thread Group 1-699,text,true,,17,0,404,404,null,0,0,0
1776590253042,68668,Shared DB,0,OK,Thread Group 1-971,text,true,,17,0,402,402,null,0,0,0
1776590247759,73978,Shared DB,0,OK,Thread Group 1-906,text,true,,17,0,401,401,null,0,0,0
1776590252273,69687,Shared DB,0,OK,Thread Group 1-962,text,true,,17,0,400,400,null,0,0,0
1776590251327,71036,Shared DB,0,OK,Thread Group 1-950,text,true,,17,0,399,399,null,0,0,0
1776590226443,95923,Shared DB,0,OK,Thread Group 1-496,text,true,,17,0,398,398,null,0,0,0
1776590249214,73154,Shared DB,0,OK,Thread Group 1-924,text,true,,17,0,397,397,null,0,0,0
1776590251569,70803,Shared DB,0,OK,Thread Group 1-954,text,true,,17,0,396,396,null,0,0,0
1776590226133,96242,Shared DB,0,OK,Thread Group 1-492,text,true,,17,0,395,395,null,0,0,0
1776590249170,73203,Shared DB,0,OK,Thread Group 1-923,text,true,,17,0,395,395,null,0,0,0
1776590231473,90902,Shared DB,0,OK,Thread Group 1-657,text,true,,17,0,393,393,null,0,0,0
1776590248920,73454,Shared DB,0,OK,Thread Group 1-920,text,true,,17,0,393,393,null,0,0,0
1776590255034,67344,Shared DB,0,OK,Thread Group 1-997,text,true,,17,0,391,391,null,0,0,0
1776590245122,77258,Shared DB,0,OK,Thread Group 1-869,text,true,,17,0,390,390,null,0,0,0
1776590213830,108552,Shared DB,0,OK,Thread Group 1-277,text,true,,17,0,389,389,null,0,0,0
1776590224084,98302,Shared DB,0,OK,Thread Group 1-455,text,true,,17,0,388,388,null,0,0,0
1776590248682,73703,Shared DB,0,OK,Thread Group 1-917,text,true,,17,0,387,387,null,0,0,0
1776590233695,88694,Shared DB,0,OK,Thread Group 1-694,text,true,,17,0,386,386,null,0,0,0
1776590247909,74482,Shared DB,0,OK,Thread Group 1-908,text,true,,17,0,385,385,null,0,0,0
1776590225509,96891,Shared DB,0,OK,Thread Group 1-481,text,true,,17,0,384,384,null,0,0,0
1776590250300,72101,Shared DB,0,OK,Thread Group 1-939,text,true,,17,0,383,383,null,0,0,0
1776590240140,82263,Shared DB,0,OK,Thread Group 1-794,text,true,,17,0,383,383,null,0,0,0
1776590229869,92538,Shared DB,0,OK,Thread Group 1-553,text,true,,17,0,381,381,null,0,0,0
1776590230972,91435,Shared DB,0,OK,Thread Group 1-607,text,true,,17,0,380,380,null,0,0,0
1776590252518,69890,Shared DB,0,OK,Thread Group 1-966,text,true,,17,0,379,379,null,0,0,0
1776590225660,96751,Shared DB,0,OK,Thread Group 1-483,text,true,,17,0,378,378,null,0,0,0
1776590247116,75295,Shared DB,0,OK,Thread Group 1-894,text,true,,17,0,377,377,null,0,0,0
1776590246998,75415,Shared DB,0,OK,Thread Group 1-892,text,true,,17,0,376,376,null,0,0,0
1776590227716,94699,Shared DB,0,OK,Thread Group 1-520,text,true,,17,0,376,376,null,0,0,0
1776590246743,75681,Shared DB,0,OK,Thread Group 1-889,text,true,,17,0,374,374,null,0,0,0
1776590232764,89696,Shared DB,0,OK,Thread Group 1-681,text,true,,17,0,373,373,null,0,0,0
1776590248206,74264,Shared DB,0,OK,Thread Group 1-911,text,true,,17,0,372,372,null,0,0,0
1776590238769,83707,Shared DB,0,OK,Thread Group 1-773,text,true,,17,0,371,371,null,0,0,0
1776590224831,97646,Shared DB,0,OK,Thread Group 1-470,text,true,,17,0,371,371,null,0,0,0
1776590250595,71884,Shared DB,0,OK,Thread Group 1-943,text,true,,17,0,369,369,null,0,0,0
1776590222973,99519,Shared DB,0,OK,Thread Group 1-436,text,true,,17,0,368,368,null,0,0,0
1776590252216,70292,Shared DB,1,OK,Thread Group 1-961,text,true,,234,0,367,367,null,0,0,0
1776590252019,70514,Shared DB,0,OK,Thread Group 1-958,text,true,,17,0,366,366,null,0,0,0
1776590252607,70162,Shared DB,0,OK,Thread Group 1-967,text,true,,17,0,365,365,null,0,0,0
1776590238461,84321,Shared DB,0,OK,Thread Group 1-768,text,true,,17,0,364,364,null,0,0,0
1776590240504,82278,Shared DB,0,OK,Thread Group 1-800,text,true,,17,0,363,363,null,0,0,0
1776590238322,84467,Shared DB,0,OK,Thread Group 1-766,text,true,,17,0,362,362,null,0,0,0
1776590236169,86619,Shared DB,0,OK,Thread Group 1-735,text,true,,17,0,362,362,null,0,0,0
1776590241115,81673,Shared DB,0,OK,Thread Group 1-806,text,true,,17,0,362,362,null,0,0,0
1776590250934,71857,Shared DB,0,OK,Thread Group 1-946,text,true,,17,0,359,359,null,0,0,0
1776590249915,72876,Shared DB,0,OK,Thread Group 1-935,text,true,,17,0,358,358,null,0,0,0
1776590235396,87396,Shared DB,1,OK,Thread Group 1-723,text,true,,234,0,358,358,null,0,0,0
1776590249955,72837,Shared DB,0,OK,Thread Group 1-936,text,true,,17,0,357,357,null,0,0,0
1776590251832,70962,Shared DB,0,OK,Thread Group 1-956,text,true,,17,0,355,355,null,0,0,0
1776590251204,71591,Shared DB,1,OK,Thread Group 1-949,text,true,,234,0,355,355,null,0,0,0
1776590231076,91721,Shared DB,1,OK,Thread Group 1-629,text,true,,234,0,353,353,null,0,0,0
1776590252038,70759,Shared DB,0,OK,Thread Group 1-959,text,true,,17,0,352,352,null,0,0,0
1776590237326,85472,Shared DB,0,OK,Thread Group 1-751,text,true,,17,0,351,351,null,0,0,0
1776590247827,74971,Shared DB,0,OK,Thread Group 1-907,text,true,,17,0,351,351,null,0,0,0
1776590244273,78526,Shared DB,0,OK,Thread Group 1-855,text,true,,17,0,350,350,null,0,0,0
1776590221079,101723,Shared DB,0,OK,Thread Group 1-403,text,true,,17,0,350,350,null,0,0,0
1776590230991,91811,Shared DB,0,OK,Thread Group 1-611,text,true,,17,0,347,347,null,0,0,0
1776590245663,77138,Shared DB,0,OK,Thread Group 1-876,text,true,,17,0,347,347,null,0,0,0
1776590243075,79727,Shared DB,0,OK,Thread Group 1-837,text,true,,17,0,345,345,null,0,0,0
1776590254875,67927,Shared DB,0,OK,Thread Group 1-995,text,true,,17,0,345,345,null,0,0,0
1776590223554,99251,Shared DB,0,OK,Thread Group 1-445,text,true,,17,0,343,343,null,0,0,0
1776590226683,96123,Shared DB,0,OK,Thread Group 1-501,text,true,,17,0,342,342,null,0,0,0
1776590250537,72267,Shared DB,0,OK,Thread Group 1-942,text,true,,17,0,342,342,null,0,0,0
1776590224937,97869,Shared DB,0,OK,Thread Group 1-472,text,true,,17,0,342,342,null,0,0,0
1776590224271,98538,Shared DB,0,OK,Thread Group 1-458,text,true,,17,0,339,339,null,0,0,0
1776590214402,108408,Shared DB,0,OK,Thread Group 1-290,text,true,,17,0,338,338,null,0,0,0
1776590220389,102422,Shared DB,0,OK,Thread Group 1-393,text,true,,17,0,337,337,null,0,0,0
1776590251111,71699,Shared DB,0,OK,Thread Group 1-948,text,true,,17,0,337,337,null,0,0,0
1776590229764,93048,Shared DB,0,OK,Thread Group 1-550,text,true,,17,0,335,335,null,0,0,0
1776590230749,92063,Shared DB,0,OK,Thread Group 1-560,text,true,,17,0,335,335,null,0,0,0
1776590250069,72741,Shared DB,1,OK,Thread Group 1-937,text,true,,234,0,333,333,null,0,0,0
1776590246339,76474,Shared DB,0,OK,Thread Group 1-884,text,true,,17,0,332,332,null,0,0,0
1776590250705,72108,Shared DB,0,OK,Thread Group 1-944,text,true,,17,0,332,332,null,0,0,0
1776590240714,82102,Shared DB,0,OK,Thread Group 1-802,text,true,,17,0,330,330,null,0,0,0
1776590252323,70492,Shared DB,0,OK,Thread Group 1-963,text,true,,17,0,330,330,null,0,0,0
1776590233029,89787,Shared DB,0,OK,Thread Group 1-684,text,true,,17,0,328,328,null,0,0,0
1776590243314,79501,Shared DB,1,OK,Thread Group 1-840,text,true,,234,0,328,328,null,0,0,0
1776590239716,83102,Shared DB,1,OK,Thread Group 1-787,text,true,,234,0,326,326,null,0,0,0
1776590228287,94533,Shared DB,0,OK,Thread Group 1-529,text,true,,17,0,325,325,null,0,0,0
1776590230882,91938,Shared DB,1,OK,Thread Group 1-588,text,true,,234,0,324,324,null,0,0,0
1776590249535,73285,Shared DB,0,OK,Thread Group 1-929,text,true,,17,0,323,323,null,0,0,0
1776590220225,102606,Shared DB,1,OK,Thread Group 1-391,text,true,,234,0,322,322,null,0,0,0
1776590239217,83616,Shared DB,0,OK,Thread Group 1-778,text,true,,17,0,321,321,null,0,0,0
1776590231013,91823,Shared DB,0,OK,Thread Group 1-616,text,true,,17,0,320,320,null,0,0,0
1776590231103,91733,Shared DB,0,OK,Thread Group 1-635,text,true,,17,0,319,319,null,0,0,0
1776590219325,103513,Shared DB,0,OK,Thread Group 1-376,text,true,,17,0,318,318,null,0,0,0
1776590217620,105219,Shared DB,0,OK,Thread Group 1-347,text,true,,17,0,318,318,null,0,0,0
1776590219120,103719,Shared DB,0,OK,Thread Group 1-371,text,true,,17,0,316,316,null,0,0,0
1776590242637,80201,Shared DB,0,OK,Thread Group 1-831,text,true,,17,0,315,315,null,0,0,0
1776590235922,86918,Shared DB,0,OK,Thread Group 1-732,text,true,,17,0,314,314,null,0,0,0
1776590239338,83503,Shared DB,0,OK,Thread Group 1-780,text,true,,17,0,313,313,null,0,0,0
1776590223236,99607,Shared DB,0,OK,Thread Group 1-440,text,true,,17,0,312,312,null,0,0,0
1776590244304,78538,Shared DB,0,OK,Thread Group 1-856,text,true,,17,0,312,312,null,0,0,0
1776590226844,96000,Shared DB,0,OK,Thread Group 1-505,text,true,,17,0,311,311,null,0,0,0
1776590217477,105369,Shared DB,0,OK,Thread Group 1-345,text,true,,17,0,309,309,null,0,0,0
1776590232113,90732,Shared DB,1,OK,Thread Group 1-670,text,true,,234,0,308,308,null,0,0,0
1776590239916,82930,Shared DB,0,OK,Thread Group 1-790,text,true,,17,0,307,307,null,0,0,0
1776590236027,86819,Shared DB,0,OK,Thread Group 1-733,text,true,,17,0,307,307,null,0,0,0
1776590227190,95657,Shared DB,0,OK,Thread Group 1-510,text,true,,17,0,306,306,null,0,0,0
1776590230892,91955,Shared DB,0,OK,Thread Group 1-590,text,true,,17,0,304,304,null,0,0,0
1776590229092,93757,Shared DB,0,OK,Thread Group 1-538,text,true,,17,0,303,303,null,0,0,0
1776590244956,77892,Shared DB,0,OK,Thread Group 1-867,text,true,,17,0,302,302,null,0,0,0
1776590246685,76164,Shared DB,0,OK,Thread Group 1-888,text,true,,17,0,301,301,null,0,0,0
1776590229556,93298,Shared DB,0,OK,Thread Group 1-548,text,true,,17,0,300,300,null,0,0,0
1776590229160,93693,Shared DB,0,OK,Thread Group 1-540,text,true,,17,0,300,300,null,0,0,0
1776590237944,84909,Shared DB,0,OK,Thread Group 1-760,text,true,,17,0,300,300,null,0,0,0
1776590237691,85162,Shared DB,0,OK,Thread Group 1-756,text,true,,17,0,298,298,null,0,0,0
1776590245060,77793,Shared DB,0,OK,Thread Group 1-868,text,true,,17,0,296,296,null,0,0,0
1776590231182,91672,Shared DB,0,OK,Thread Group 1-652,text,true,,17,0,296,296,null,0,0,0
1776590249388,73466,Shared DB,0,OK,Thread Group 1-927,text,true,,17,0,294,294,null,0,0,0
1776590231108,91748,Shared DB,0,OK,Thread Group 1-636,text,true,,17,0,293,293,null,0,0,0
1776590231168,91688,Shared DB,0,OK,Thread Group 1-649,text,true,,17,0,293,293,null,0,0,0
1776590231902,90955,Shared DB,0,OK,Thread Group 1-665,text,true,,17,0,291,291,null,0,0,0
1776590229614,93244,Shared DB,1,OK,Thread Group 1-547,text,true,,234,0,290,290,null,0,0,0
1776590249727,73131,Shared DB,0,OK,Thread Group 1-932,text,true,,17,0,289,289,null,0,0,0
1776590239575,83284,Shared DB,0,OK,Thread Group 1-785,text,true,,17,0,289,289,null,0,0,0
1776590243538,79322,Shared DB,0,OK,Thread Group 1-845,text,true,,17,0,287,287,null,0,0,0
1776590227036,95827,Shared DB,1,OK,Thread Group 1-508,text,true,,234,0,286,286,null,0,0,0
1776590232594,90268,Shared DB,1,OK,Thread Group 1-678,text,true,,234,0,286,286,null,0,0,0
1776590230987,91877,Shared DB,0,OK,Thread Group 1-610,text,true,,17,0,284,284,null,0,0,0
1776590244632,78231,Shared DB,0,OK,Thread Group 1-861,text,true,,17,0,284,284,null,0,0,0
1776590241192,81673,Shared DB,0,OK,Thread Group 1-807,text,true,,17,0,282,282,null,0,0,0
1776590234534,88333,Shared DB,0,OK,Thread Group 1-705,text,true,,17,0,281,281,null,0,0,0
1776590238850,84020,Shared DB,0,OK,Thread Group 1-774,text,true,,17,0,280,280,null,0,0,0
1776590232151,90721,Shared DB,0,OK,Thread Group 1-671,text,true,,17,0,279,279,null,0,0,0
1776590238404,84469,Shared DB,1,OK,Thread Group 1-767,text,true,,234,0,278,278,null,0,0,0
1776590216350,106524,Shared DB,0,OK,Thread Group 1-322,text,true,,17,0,277,277,null,0,0,0
1776590216445,106429,Shared DB,0,OK,Thread Group 1-324,text,true,,17,0,277,277,null,0,0,0
1776590229706,93169,Shared DB,0,OK,Thread Group 1-549,text,true,,17,0,277,277,null,0,0,0
1776590241945,80928,Shared DB,1,OK,Thread Group 1-819,text,true,,234,0,274,274,null,0,0,0
1776590231141,91735,Shared DB,0,OK,Thread Group 1-643,text,true,,17,0,273,273,null,0,0,0
1776590244243,78634,Shared DB,0,OK,Thread Group 1-854,text,true,,17,0,272,272,null,0,0,0
1776590213098,109781,Shared DB,0,OK,Thread Group 1-266,text,true,,17,0,272,272,null,0,0,0
1776590244841,78036,Shared DB,1,OK,Thread Group 1-864,text,true,,234,0,271,271,null,0,0,0
1776590228694,94201,Shared DB,0,OK,Thread Group 1-533,text,true,,17,0,269,269,null,0,0,0
1776590231056,91842,Shared DB,0,OK,Thread Group 1-625,text,true,,17,0,268,268,null,0,0,0
1776590244180,78720,Shared DB,0,OK,Thread Group 1-853,text,true,,17,0,267,267,null,0,0,0
1776590231098,91806,Shared DB,0,OK,Thread Group 1-634,text,true,,17,0,266,266,null,0,0,0
1776590231966,90939,Shared DB,0,OK,Thread Group 1-667,text,true,,17,0,265,265,null,0,0,0
1776590246407,76498,Shared DB,0,OK,Thread Group 1-885,text,true,,17,0,264,264,null,0,0,0
1776590241951,80955,Shared DB,1,OK,Thread Group 1-820,text,true,,234,0,263,263,null,0,0,0
1776590235201,87707,Shared DB,1,OK,Thread Group 1-720,text,true,,234,0,262,262,null,0,0,0
1776590231580,91328,Shared DB,0,OK,Thread Group 1-660,text,true,,17,0,262,262,null,0,0,0
1776590224122,98788,Shared DB,0,OK,Thread Group 1-456,text,true,,17,0,260,260,null,0,0,0
1776590233310,89599,Shared DB,0,OK,Thread Group 1-690,text,true,,17,0,260,260,null,0,0,0
1776590246240,76717,Shared DB,0,OK,Thread Group 1-883,text,true,,17,0,258,258,null,0,0,0
1776590214715,108253,Shared DB,0,OK,Thread Group 1-296,text,true,,17,0,257,257,null,0,0,0
1776590249621,73468,Shared DB,0,OK,Thread Group 1-930,text,true,,17,0,256,256,null,0,0,0
1776590250372,72721,Shared DB,0,OK,Thread Group 1-940,text,true,,17,0,255,255,null,0,0,0
1776590225590,97509,Shared DB,1,OK,Thread Group 1-482,text,true,,234,0,254,254,null,0,0,0
1776590227875,95227,Shared DB,0,OK,Thread Group 1-523,text,true,,17,0,253,253,null,0,0,0
1776590248278,74823,Shared DB,0,OK,Thread Group 1-913,text,true,,17,0,252,252,null,0,0,0
1776590226608,96496,Shared DB,0,OK,Thread Group 1-500,text,true,,17,0,251,251,null,0,0,0
1776590236263,86842,Shared DB,0,OK,Thread Group 1-737,text,true,,17,0,250,250,null,0,0,0
1776590223041,100066,Shared DB,0,OK,Thread Group 1-437,text,true,,17,0,249,249,null,0,0,0
1776590227654,95457,Shared DB,0,OK,Thread Group 1-519,text,true,,17,0,248,248,null,0,0,0
1776590243672,79439,Shared DB,0,OK,Thread Group 1-847,text,true,,17,0,247,247,null,0,0,0
1776590248334,74778,Shared DB,0,OK,Thread Group 1-914,text,true,,17,0,246,246,null,0,0,0
1776590241672,81441,Shared DB,0,OK,Thread Group 1-814,text,true,,17,0,245,245,null,0,0,0
1776590230801,92314,Shared DB,0,OK,Thread Group 1-571,text,true,,17,0,245,245,null,0,0,0
1776590219364,103751,Shared DB,0,OK,Thread Group 1-377,text,true,,17,0,243,243,null,0,0,0
1776590227520,95597,Shared DB,0,OK,Thread Group 1-516,text,true,,17,0,242,242,null,0,0,0
1776590235826,87291,Shared DB,1,OK,Thread Group 1-731,text,true,,234,0,242,242,null,0,0,0
1776590222932,100187,Shared DB,0,OK,Thread Group 1-434,text,true,,17,0,240,240,null,0,0,0
1776590240014,83106,Shared DB,0,OK,Thread Group 1-792,text,true,,17,0,239,239,null,0,0,0
1776590234752,88368,Shared DB,0,OK,Thread Group 1-712,text,true,,17,0,239,239,null,0,0,0
1776590220766,102356,Shared DB,0,OK,Thread Group 1-398,text,true,,17,0,237,237,null,0,0,0
1776590233894,89228,Shared DB,1,OK,Thread Group 1-696,text,true,,234,0,236,236,null,0,0,0
1776590231088,92036,Shared DB,0,OK,Thread Group 1-632,text,true,,17,0,235,235,null,0,0,0
1776590234614,88509,Shared DB,0,OK,Thread Group 1-708,text,true,,17,0,235,235,null,0,0,0
1776590240185,82939,Shared DB,0,OK,Thread Group 1-795,text,true,,17,0,233,233,null,0,0,0
1776590249112,74012,Shared DB,0,OK,Thread Group 1-922,text,true,,17,0,232,232,null,0,0,0
1776590233431,89696,Shared DB,0,OK,Thread Group 1-691,text,true,,17,0,231,231,null,0,0,0
1776590231513,91615,Shared DB,1,OK,Thread Group 1-658,text,true,,234,0,230,230,null,0,0,0
1776590240288,82841,Shared DB,1,OK,Thread Group 1-797,text,true,,234,0,229,229,null,0,0,0
1776590238018,85112,Shared DB,1,OK,Thread Group 1-761,text,true,,234,0,228,228,null,0,0,0
1776590235497,87633,Shared DB,0,OK,Thread Group 1-726,text,true,,17,0,228,228,null,0,0,0
1776590247102,76028,Shared DB,0,OK,Thread Group 1-893,text,true,,17,0,226,226,null,0,0,0
1776590237057,86075,Shared DB,1,OK,Thread Group 1-748,text,true,,234,0,225,225,null,0,0,0
1776590230815,92319,Shared DB,0,OK,Thread Group 1-574,text,true,,17,0,224,224,null,0,0,0
1776590232448,90685,Shared DB,1,OK,Thread Group 1-676,text,true,,234,0,224,224,null,0,0,0
1776590249808,73324,Shared DB,0,OK,Thread Group 1-933,text,true,,17,0,223,223,null,0,0,0
1776590240220,82914,Shared DB,1,OK,Thread Group 1-796,text,true,,234,0,221,221,null,0,0,0
1776590233042,90094,Shared DB,1,OK,Thread Group 1-686,text,true,,234,0,220,220,null,0,0,0
1776590231425,91712,Shared DB,0,OK,Thread Group 1-656,text,true,,17,0,220,220,null,0,0,0
1776590235111,88028,Shared DB,1,OK,Thread Group 1-718,text,true,,234,0,218,218,null,0,0,0
1776590235788,87351,Shared DB,0,OK,Thread Group 1-730,text,true,,17,0,218,218,null,0,0,0
1776590230787,92355,Shared DB,1,OK,Thread Group 1-568,text,true,,234,0,216,216,null,0,0,0
1776590226839,96303,Shared DB,0,OK,Thread Group 1-504,text,true,,17,0,215,215,null,0,0,0
1776590242756,80384,Shared DB,0,OK,Thread Group 1-832,text,true,,17,0,215,215,null,0,0,0
1776590236376,86766,Shared DB,0,OK,Thread Group 1-740,text,true,,17,0,215,215,null,0,0,0
1776590220694,102451,Shared DB,1,OK,Thread Group 1-397,text,true,,234,0,212,212,null,0,0,0
1776590238091,85053,Shared DB,0,OK,Thread Group 1-762,text,true,,17,0,212,212,null,0,0,0
1776590233609,89536,Shared DB,1,OK,Thread Group 1-693,text,true,,234,0,210,210,null,0,0,0
1776590229154,93992,Shared DB,1,OK,Thread Group 1-539,text,true,,234,0,209,209,null,0,0,0
1776590223423,99726,Shared DB,0,OK,Thread Group 1-443,text,true,,17,0,208,208,null,0,0,0
1776590244415,78732,Shared DB,0,OK,Thread Group 1-858,text,true,,17,0,207,207,null,0,0,0
1776590234803,88346,Shared DB,0,OK,Thread Group 1-713,text,true,,17,0,206,206,null,0,0,0
1776590235367,87783,Shared DB,0,OK,Thread Group 1-722,text,true,,17,0,205,205,null,0,0,0
1776590222452,100698,Shared DB,0,OK,Thread Group 1-427,text,true,,17,0,205,205,null,0,0,0
1776590238133,85017,Shared DB,0,OK,Thread Group 1-763,text,true,,17,0,205,205,null,0,0,0
1776590234477,88673,Shared DB,0,OK,Thread Group 1-704,text,true,,17,0,203,203,null,0,0,0
1776590239883,83268,Shared DB,1,OK,Thread Group 1-789,text,true,,234,0,201,201,null,0,0,0
1776590241015,82135,Shared DB,1,OK,Thread Group 1-805,text,true,,234,0,200,200,null,0,0,0
1776590229269,93884,Shared DB,0,OK,Thread Group 1-542,text,true,,17,0,199,199,null,0,0,0
1776590235055,88097,Shared DB,1,OK,Thread Group 1-717,text,true,,234,0,198,198,null,0,0,0
1776590230920,92233,Shared DB,1,OK,Thread Group 1-596,text,true,,234,0,197,197,null,0,0,0
1776590230764,92391,Shared DB,0,OK,Thread Group 1-563,text,true,,17,0,196,196,null,0,0,0
1776590230874,92280,Shared DB,1,OK,Thread Group 1-586,text,true,,234,0,196,196,null,0,0,0
1776590236480,86676,Shared DB,0,OK,Thread Group 1-741,text,true,,17,0,194,194,null,0,0,0
1776590241238,81917,Shared DB,1,OK,Thread Group 1-808,text,true,,234,0,194,194,null,0,0,0
1776590230844,92314,Shared DB,0,OK,Thread Group 1-580,text,true,,17,0,194,194,null,0,0,0
1776590241998,81158,Shared DB,0,OK,Thread Group 1-821,text,true,,17,0,191,191,null,0,0,0
1776590247229,75928,Shared DB,0,OK,Thread Group 1-895,text,true,,17,0,190,190,null,0,0,0
1776590231002,92156,Shared DB,1,OK,Thread Group 1-613,text,true,,234,0,190,190,null,0,0,0
1776590229456,93704,Shared DB,0,OK,Thread Group 1-545,text,true,,17,0,188,188,null,0,0,0
1776590236796,86363,Shared DB,0,OK,Thread Group 1-744,text,true,,17,0,188,188,null,0,0,0
1776590230835,92326,Shared DB,0,OK,Thread Group 1-578,text,true,,17,0,186,186,null,0,0,0
1776590242386,80774,Shared DB,1,OK,Thread Group 1-826,text,true,,234,0,185,185,null,0,0,0
1776590244474,78686,Shared DB,0,OK,Thread Group 1-859,text,true,,17,0,185,185,null,0,0,0
1776590238691,84471,Shared DB,0,OK,Thread Group 1-772,text,true,,17,0,183,183,null,0,0,0
1776590224890,98273,Shared DB,0,OK,Thread Group 1-471,text,true,,17,0,183,183,null,0,0,0
1776590224493,98670,Shared DB,0,OK,Thread Group 1-462,text,true,,17,0,182,182,null,0,0,0
1776590230955,92209,Shared DB,1,OK,Thread Group 1-603,text,true,,234,0,180,180,null,0,0,0
1776590230753,92413,Shared DB,0,OK,Thread Group 1-561,text,true,,17,0,180,180,null,0,0,0
1776590236557,86608,Shared DB,0,OK,Thread Group 1-742,text,true,,17,0,178,178,null,0,0,0
1776590239424,83743,Shared DB,0,OK,Thread Group 1-782,text,true,,17,0,177,177,null,0,0,0
1776590227303,95866,Shared DB,0,OK,Thread Group 1-512,text,true,,17,0,177,177,null,0,0,0
1776590231005,92163,Shared DB,0,OK,Thread Group 1-614,text,true,,17,0,175,175,null,0,0,0
1776590242427,80741,Shared DB,1,OK,Thread Group 1-827,text,true,,234,0,174,174,null,0,0,0
1776590240869,82299,Shared DB,0,OK,Thread Group 1-803,text,true,,17,0,174,174,null,0,0,0
1776590229794,93376,Shared DB,1,OK,Thread Group 1-551,text,true,,234,0,172,172,null,0,0,0
1776590239420,83750,Shared DB,0,OK,Thread Group 1-781,text,true,,17,0,171,171,null,0,0,0
1776590230926,92245,Shared DB,0,OK,Thread Group 1-597,text,true,,17,0,171,171,null,0,0,0
1776590230863,92308,Shared DB,0,OK,Thread Group 1-584,text,true,,17,0,169,169,null,0,0,0
1776590231117,92055,Shared DB,0,OK,Thread Group 1-638,text,true,,17,0,168,168,null,0,0,0
1776590227349,95825,Shared DB,0,OK,Thread Group 1-513,text,true,,17,0,167,167,null,0,0,0
1776590236194,87061,Shared DB,0,OK,Thread Group 1-736,text,true,,17,0,166,166,null,0,0,0
1776590223082,100235,Shared DB,1,OK,Thread Group 1-438,text,true,,234,0,165,165,null,0,0,0
1776590254141,69190,Shared DB,0,OK,Thread Group 1-986,text,true,,17,0,164,164,null,0,0,0
1776590226798,96554,Shared DB,0,OK,Thread Group 1-503,text,true,,17,0,163,163,null,0,0,0
1776590242553,80809,Shared DB,1,OK,Thread Group 1-830,text,true,,234,0,162,162,null,0,0,0
1776590254218,69144,Shared DB,0,OK,Thread Group 1-987,text,true,,17,0,162,162,null,0,0,0
1776590253520,69849,Shared DB,0,OK,Thread Group 1-976,text,true,,17,0,160,160,null,0,0,0
1776590235688,87683,Shared DB,1,OK,Thread Group 1-729,text,true,,234,0,160,160,null,0,0,0
1776590231163,92287,Shared DB,1,OK,Thread Group 1-648,text,true,,234,0,158,158,null,0,0,0
1776590236882,86569,Shared DB,0,OK,Thread Group 1-745,text,true,,17,0,158,158,null,0,0,0
1776590247537,75913,Shared DB,1,OK,Thread Group 1-902,text,true,,234,0,158,158,null,0,0,0
1776590230935,92517,Shared DB,0,OK,Thread Group 1-599,text,true,,17,0,158,158,null,0,0,0
1776590230930,92522,Shared DB,1,OK,Thread Group 1-598,text,true,,234,0,158,158,null,0,0,0
1776590231191,92263,Shared DB,1,OK,Thread Group 1-654,text,true,,234,0,158,158,null,0,0,0
1776590253434,70019,Shared DB,0,OK,Thread Group 1-975,text,true,,17,0,158,158,null,0,0,0
1776590246805,76648,Shared DB,0,OK,Thread Group 1-890,text,true,,17,0,158,158,null,0,0,0
1776590229987,93559,Shared DB,1,OK,Thread Group 1-555,text,true,,234,0,150,150,null,0,0,0
1776590253126,70458,Shared DB,0,OK,Thread Group 1-972,text,true,,17,0,149,149,null,0,0,0
1776590254467,69362,Shared DB,0,OK,Thread Group 1-991,text,true,,17,0,148,148,null,0,0,0
1776590250194,73699,Shared DB,0,OK,Thread Group 1-938,text,true,,17,0,147,147,null,0,0,0
1776590255071,68991,Shared DB,0,OK,Thread Group 1-1000,text,true,,17,0,146,146,null,0,0,0
1776590254931,69134,Shared DB,0,OK,Thread Group 1-996,text,true,,17,0,145,145,null,0,0,0
1776590254346,69719,Shared DB,0,OK,Thread Group 1-988,text,true,,17,0,145,145,null,0,0,0
1776590249837,74295,Shared DB,0,OK,Thread Group 1-934,text,true,,17,0,143,143,null,0,0,0
1776590245831,78319,Shared DB,0,OK,Thread Group 1-879,text,true,,17,0,142,142,null,0,0,0
1776590254079,70171,Shared DB,0,OK,Thread Group 1-985,text,true,,17,0,141,141,null,0,0,0
1776590249060,75202,Shared DB,0,OK,Thread Group 1-921,text,true,,17,0,140,140,null,0,0,0
1776590231160,93112,Shared DB,0,OK,Thread Group 1-647,text,true,,17,0,139,139,null,0,0,0
1776590254525,69847,Shared DB,0,OK,Thread Group 1-992,text,true,,17,0,138,138,null,0,0,0
1776590253575,70893,Shared DB,0,OK,Thread Group 1-977,text,true,,17,0,137,137,null,0,0,0
1776590254418,70114,Shared DB,0,OK,Thread Group 1-990,text,true,,17,0,136,136,null,0,0,0
1776590253823,70711,Shared DB,0,OK,Thread Group 1-982,text,true,,17,0,135,135,null,0,0,0
1776590240360,84195,Shared DB,1,OK,Thread Group 1-798,text,true,,234,0,134,134,null,0,0,0
1776590245998,78624,Shared DB,0,OK,Thread Group 1-881,text,true,,17,0,133,133,null,0,0,0
1776590253767,71300,Shared DB,0,OK,Thread Group 1-981,text,true,,17,0,132,132,null,0,0,0
1776590245263,79805,Shared DB,0,OK,Thread Group 1-871,text,true,,17,0,131,131,null,0,0,0
1776590234054,91020,Shared DB,0,OK,Thread Group 1-698,text,true,,17,0,130,130,null,0,0,0
1776590254752,70322,Shared DB,0,OK,Thread Group 1-994,text,true,,17,0,129,129,null,0,0,0
1776590253355,71751,Shared DB,0,OK,Thread Group 1-974,text,true,,17,0,128,128,null,0,0,0
1776590251448,73976,Shared DB,0,OK,Thread Group 1-953,text,true,,17,0,127,127,null,0,0,0
1776590254642,70782,Shared DB,0,OK,Thread Group 1-993,text,true,,17,0,127,127,null,0,0,0
1776590254383,71044,Shared DB,0,OK,Thread Group 1-989,text,true,,17,0,125,125,null,0,0,0
1776590250443,74988,Shared DB,0,OK,Thread Group 1-941,text,true,,17,0,124,124,null,0,0,0
1776590248511,76922,Shared DB,0,OK,Thread Group 1-916,text,true,,17,0,123,123,null,0,0,0
1776590234341,91126,Shared DB,0,OK,Thread Group 1-702,text,true,,17,0,122,122,null,0,0,0
1776590230868,94601,Shared DB,0,OK,Thread Group 1-585,text,true,,17,0,121,121,null,0,0,0
1776590232180,93428,Shared DB,0,OK,Thread Group 1-672,text,true,,17,0,120,120,null,0,0,0
1776590223797,101846,Shared DB,0,OK,Thread Group 1-450,text,true,,17,0,119,119,null,0,0,0
1776590248787,76855,Shared DB,0,OK,Thread Group 1-918,text,true,,17,0,119,119,null,0,0,0
1776590234302,91342,Shared DB,0,OK,Thread Group 1-701,text,true,,17,0,117,117,null,0,0,0
1776590251694,73993,Shared DB,0,OK,Thread Group 1-955,text,true,,17,0,116,116,null,0,0,0
1776590241588,84099,Shared DB,0,OK,Thread Group 1-813,text,true,,17,0,116,116,null,0,0,0
1776590253254,72440,Shared DB,0,OK,Thread Group 1-973,text,true,,17,0,114,114,null,0,0,0
1776590245667,80032,Shared DB,0,OK,Thread Group 1-877,text,true,,17,0,113,113,null,0,0,0
1776590253715,71988,Shared DB,0,OK,Thread Group 1-980,text,true,,17,0,112,112,null,0,0,0
1776590242152,83560,Shared DB,0,OK,Thread Group 1-823,text,true,,17,0,111,111,null,0,0,0
1776590253639,72099,Shared DB,0,OK,Thread Group 1-979,text,true,,17,0,110,110,null,0,0,0
1776590247286,78479,Shared DB,0,OK,Thread Group 1-897,text,true,,17,0,109,109,null,0,0,0
1776590233077,92729,Shared DB,0,OK,Thread Group 1-687,text,true,,17,0,108,108,null,0,0,0
1776590230810,95011,Shared DB,0,OK,Thread Group 1-573,text,true,,17,0,107,107,null,0,0,0
1776590222307,103530,Shared DB,0,OK,Thread Group 1-425,text,true,,17,0,106,106,null,0,0,0
1776590226334,99519,Shared DB,0,OK,Thread Group 1-494,text,true,,17,0,105,105,null,0,0,0
1776590242224,83640,Shared DB,0,OK,Thread Group 1-824,text,true,,17,0,104,104,null,0,0,0
1776590255027,70852,Shared DB,0,OK,Thread Group 1-998,text,true,,17,0,103,103,null,0,0,0
1776590230839,95043,Shared DB,0,OK,Thread Group 1-579,text,true,,17,0,103,103,null,0,0,0
1776590232818,93073,Shared DB,0,OK,Thread Group 1-682,text,true,,17,0,101,101,null,0,0,0
1776590230820,95076,Shared DB,0,OK,Thread Group 1-575,text,true,,17,0,100,100,null,0,0,0
1776590245737,80167,Shared DB,0,OK,Thread Group 1-878,text,true,,17,0,99,99,null,0,0,0
1776590224341,101565,Shared DB,0,OK,Thread Group 1-460,text,true,,17,0,98,98,null,0,0,0
1776590231726,94179,Shared DB,0,OK,Thread Group 1-662,text,true,,17,0,98,98,null,0,0,0
1776590231023,94887,Shared DB,0,OK,Thread Group 1-618,text,true,,17,0,96,96,null,0,0,0
1776590244583,81336,Shared DB,0,OK,Thread Group 1-860,text,true,,17,0,95,95,null,0,0,0
1776590244713,81208,Shared DB,0,OK,Thread Group 1-863,text,true,,17,0,94,94,null,0,0,0
1776590237483,88440,Shared DB,0,OK,Thread Group 1-753,text,true,,17,0,93,93,null,0,0,0
1776590229026,96914,Shared DB,0,OK,Thread Group 1-537,text,true,,17,0,92,92,null,0,0,0
1776590235149,90814,Shared DB,0,OK,Thread Group 1-719,text,true,,17,0,91,91,null,0,0,0
1776590226725,99241,Shared DB,0,OK,Thread Group 1-502,text,true,,17,0,90,90,null,0,0,0
1776590235288,90681,Shared DB,0,OK,Thread Group 1-721,text,true,,17,0,89,89,null,0,0,0
1776590231156,94818,Shared DB,0,OK,Thread Group 1-646,text,true,,17,0,88,88,null,0,0,0
1776590226494,99482,Shared DB,0,OK,Thread Group 1-497,text,true,,17,0,87,87,null,0,0,0
1776590219752,106231,Shared DB,0,OK,Thread Group 1-384,text,true,,17,0,86,86,null,0,0,0
1776590231839,94143,Shared DB,0,OK,Thread Group 1-664,text,true,,17,0,86,86,null,0,0,0
1776590244067,81928,Shared DB,0,OK,Thread Group 1-852,text,true,,17,0,84,84,null,0,0,0
1776590230944,95063,Shared DB,0,OK,Thread Group 1-601,text,true,,17,0,83,83,null,0,0,0
1776590235607,90400,Shared DB,0,OK,Thread Group 1-728,text,true,,17,0,83,83,null,0,0,0
1776590219510,106498,Shared DB,0,OK,Thread Group 1-380,text,true,,17,0,82,82,null,0,0,0
1776590234896,91128,Shared DB,0,OK,Thread Group 1-714,text,true,,17,0,80,80,null,0,0,0
1776590232939,93089,Shared DB,0,OK,Thread Group 1-683,text,true,,17,0,79,79,null,0,0,0
1776590240052,85976,Shared DB,0,OK,Thread Group 1-793,text,true,,17,0,79,79,null,0,0,0
1776590244882,81146,Shared DB,0,OK,Thread Group 1-865,text,true,,17,0,77,77,null,0,0,0
1776590227411,98622,Shared DB,0,OK,Thread Group 1-514,text,true,,17,0,76,76,null,0,0,0
1776590221714,104320,Shared DB,0,OK,Thread Group 1-414,text,true,,17,0,75,75,null,0,0,0
1776590231800,94235,Shared DB,0,OK,Thread Group 1-663,text,true,,17,0,74,74,null,0,0,0
1776590234587,91450,Shared DB,0,OK,Thread Group 1-707,text,true,,17,0,73,73,null,0,0,0
1776590230916,95122,Shared DB,0,OK,Thread Group 1-595,text,true,,17,0,72,72,null,0,0,0
1776590234996,91045,Shared DB,0,OK,Thread Group 1-716,text,true,,17,0,71,71,null,0,0,0
1776590233260,92782,Shared DB,0,OK,Thread Group 1-689,text,true,,17,0,70,70,null,0,0,0
1776590221377,104668,Shared DB,0,OK,Thread Group 1-407,text,true,,17,0,69,69,null,0,0,0
1776590232673,93371,Shared DB,0,OK,Thread Group 1-680,text,true,,17,0,69,69,null,0,0,0
1776590224966,101080,Shared DB,0,OK,Thread Group 1-473,text,true,,17,0,67,67,null,0,0,0
1776590230744,95303,Shared DB,0,OK,Thread Group 1-559,text,true,,17,0,66,66,null,0,0,0
1776590237178,88871,Shared DB,0,OK,Thread Group 1-749,text,true,,17,0,65,65,null,0,0,0
1776590230877,95174,Shared DB,0,OK,Thread Group 1-587,text,true,,17,0,64,64,null,0,0,0
1776590229413,96657,Shared DB,0,OK,Thread Group 1-544,text,true,,17,0,63,63,null,0,0,0
1776590215814,110260,Shared DB,0,OK,Thread Group 1-312,text,true,,17,0,62,62,null,0,0,0
1776590225474,100600,Shared DB,0,OK,Thread Group 1-480,text,true,,17,0,61,61,null,0,0,0
1776590222573,103507,Shared DB,0,OK,Thread Group 1-429,text,true,,17,0,60,60,null,0,0,0
1776590224662,101420,Shared DB,0,OK,Thread Group 1-467,text,true,,17,0,59,59,null,0,0,0
1776590231038,95046,Shared DB,0,OK,Thread Group 1-621,text,true,,17,0,58,58,null,0,0,0
1776590234939,91148,Shared DB,0,OK,Thread Group 1-715,text,true,,17,0,57,57,null,0,0,0
1776590230982,95107,Shared DB,0,OK,Thread Group 1-609,text,true,,17,0,56,56,null,0,0,0
1776590243357,82743,Shared DB,0,OK,Thread Group 1-842,text,true,,17,0,55,55,null,0,0,0
1776590232230,93878,Shared DB,0,OK,Thread Group 1-673,text,true,,17,0,54,54,null,0,0,0
1776590221967,104145,Shared DB,0,OK,Thread Group 1-420,text,true,,17,0,53,53,null,0,0,0
1776590234712,91399,Shared DB,0,OK,Thread Group 1-710,text,true,,17,0,52,52,null,0,0,0
1776590245940,80172,Shared DB,0,OK,Thread Group 1-880,text,true,,17,0,51,51,null,0,0,0
1776590231173,94941,Shared DB,0,OK,Thread Group 1-650,text,true,,17,0,51,51,null,0,0,0
1776590230773,95345,Shared DB,0,OK,Thread Group 1-565,text,true,,17,0,49,49,null,0,0,0
1776590219920,106198,Shared DB,0,OK,Thread Group 1-386,text,true,,17,0,48,48,null,0,0,0
1776590237023,89095,Shared DB,0,OK,Thread Group 1-747,text,true,,17,0,47,47,null,0,0,0
1776590225260,100871,Shared DB,0,OK,Thread Group 1-477,text,true,,17,0,46,46,null,0,0,0
1776590226547,99588,Shared DB,0,OK,Thread Group 1-499,text,true,,17,0,45,45,null,0,0,0
1776590223375,102763,Shared DB,0,OK,Thread Group 1-442,text,true,,17,0,44,44,null,0,0,0
1776590228166,97974,Shared DB,0,OK,Thread Group 1-527,text,true,,17,0,43,43,null,0,0,0
1776590231123,95017,Shared DB,0,OK,Thread Group 1-639,text,true,,17,0,42,42,null,0,0,0
1776590233953,92187,Shared DB,0,OK,Thread Group 1-697,text,true,,17,0,42,42,null,0,0,0
1776590223163,102981,Shared DB,0,OK,Thread Group 1-439,text,true,,17,0,40,40,null,0,0,0
1776590230808,95342,Shared DB,0,OK,Thread Group 1-572,text,true,,17,0,39,39,null,0,0,0
1776590230979,95175,Shared DB,0,OK,Thread Group 1-608,text,true,,17,0,38,38,null,0,0,0
1776590225923,100244,Shared DB,0,OK,Thread Group 1-488,text,true,,17,0,37,37,null,0,0,0
1776590221598,104570,Shared DB,0,OK,Thread Group 1-411,text,true,,17,0,36,36,null,0,0,0
1776590237574,88594,Shared DB,0,OK,Thread Group 1-755,text,true,,17,0,36,36,null,0,0,0
1776590231132,95040,Shared DB,0,OK,Thread Group 1-641,text,true,,17,0,34,34,null,0,0,0
1776590234681,91498,Shared DB,0,OK,Thread Group 1-709,text,true,,17,0,33,33,null,0,0,0
1776590223950,102233,Shared DB,0,OK,Thread Group 1-453,text,true,,17,0,32,32,null,0,0,0
1776590238181,88003,Shared DB,0,OK,Thread Group 1-764,text,true,,17,0,31,31,null,0,0,0
1776590231625,94561,Shared DB,0,OK,Thread Group 1-661,text,true,,17,0,30,30,null,0,0,0
1776590230782,95405,Shared DB,0,OK,Thread Group 1-567,text,true,,17,0,30,30,null,0,0,0
1776590225733,100454,Shared DB,0,OK,Thread Group 1-484,text,true,,17,0,28,28,null,0,0,0
1776590217860,108333,Shared DB,0,OK,Thread Group 1-353,text,true,,17,0,27,27,null,0,0,0
1776590227551,98642,Shared DB,0,OK,Thread Group 1-517,text,true,,17,0,27,27,null,0,0,0
1776590231321,94871,Shared DB,0,OK,Thread Group 1-655,text,true,,17,0,25,25,null,0,0,0
1776590227771,98422,Shared DB,0,OK,Thread Group 1-521,text,true,,17,0,25,25,null,0,0,0
1776590228006,98190,Shared DB,0,OK,Thread Group 1-525,text,true,,17,0,23,23,null,0,0,0
1776590231086,95114,Shared DB,0,OK,Thread Group 1-631,text,true,,17,0,22,22,null,0,0,0
1776590230857,95354,Shared DB,0,OK,Thread Group 1-583,text,true,,17,0,21,21,null,0,0,0
1776590221850,104363,Shared DB,0,OK,Thread Group 1-418,text,true,,17,0,20,20,null,0,0,0
1776590225181,101034,Shared DB,0,OK,Thread Group 1-476,text,true,,17,0,19,19,null,0,0,0
1776590218733,107483,Shared DB,0,OK,Thread Group 1-365,text,true,,17,0,18,18,null,0,0,0
1776590231071,95144,Shared DB,0,OK,Thread Group 1-628,text,true,,17,0,18,18,null,0,0,0
1776590232621,93595,Shared DB,0,OK,Thread Group 1-679,text,true,,17,0,16,16,null,0,0,0
1776590232292,93924,Shared DB,0,OK,Thread Group 1-674,text,true,,17,0,16,16,null,0,0,0
1776590231176,95040,Shared DB,0,OK,Thread Group 1-651,text,true,,17,0,15,15,null,0,0,0
1776590230759,95460,Shared DB,0,OK,Thread Group 1-562,text,true,,17,0,13,13,null,0,0,0
1776590221811,104408,Shared DB,0,OK,Thread Group 1-416,text,true,,17,0,13,13,null,0,0,0
1776590218175,108045,Shared DB,0,OK,Thread Group 1-357,text,true,,17,0,11,11,null,0,0,0
1776590231080,95143,Shared DB,0,OK,Thread Group 1-630,text,true,,17,0,10,10,null,0,0,0
1776590233140,93106,Shared DB,0,OK,Thread Group 1-688,text,true,,17,0,9,9,null,0,0,0
1776590232551,93696,Shared DB,0,OK,Thread Group 1-677,text,true,,17,0,8,8,null,0,0,0
1776590231033,95215,Shared DB,0,OK,Thread Group 1-620,text,true,,17,0,7,7,null,0,0,0
1776590221441,104808,Shared DB,0,OK,Thread Group 1-408,text,true,,17,0,7,7,null,0,0,0
1776590219795,106456,Shared DB,0,OK,Thread Group 1-385,text,true,,17,0,5,5,null,0,0,0
1776590231186,95088,Shared DB,0,OK,Thread Group 1-653,text,true,,17,0,4,4,null,0,0,0
1776590214429,111846,Shared DB,0,OK,Thread Group 1-291,text,true,,17,0,4,4,null,0,0,0
1776590222179,104102,Shared DB,0,OK,Thread Group 1-423,text,true,,17,0,4,4,null,0,0,0
1776590209036,117262,Shared DB,0,OK,Thread Group 1-172,text,true,,17,0,1,1,null,0,0,0
